ticker,date,close_price,source
COHR,2024-09-03,71.87999725341797,yfinance
COHR,2024-09-04,73.9000015258789,yfinance
COHR,2024-09-05,74.26000213623047,yfinance
COHR,2024-09-06,68.54000091552734,yfinance
COHR,2024-09-09,70.80000305175781,yfinance
COHR,2024-09-10,70.86000061035156,yfinance
COHR,2024-09-11,75.37000274658203,yfinance
COHR,2024-09-12,75.97000122070312,yfinance
COHR,2024-09-13,77.9800033569336,yfinance
COHR,2024-09-16,75.25,yfinance
COHR,2024-09-17,77.91999816894531,yfinance
COHR,2024-09-18,80.9800033569336,yfinance
COHR,2024-09-19,86.05999755859375,yfinance
COHR,2024-09-20,87.0199966430664,yfinance
COHR,2024-09-23,88.19000244140625,yfinance
COHR,2024-09-24,89.7300033569336,yfinance
COHR,2024-09-25,90.68000030517578,yfinance
COHR,2024-09-26,92.41999816894531,yfinance
COHR,2024-09-27,89.83000183105469,yfinance
COHR,2024-09-30,88.91000366210938,yfinance
COHR,2024-10-01,88.80000305175781,yfinance
COHR,2024-10-02,91.45999908447266,yfinance
COHR,2024-10-03,94.2699966430664,yfinance
COHR,2024-10-04,95.33000183105469,yfinance
COHR,2024-10-07,95.18000030517578,yfinance
COHR,2024-10-08,97.87000274658203,yfinance
COHR,2024-10-09,98.69000244140625,yfinance
COHR,2024-10-10,99.02999877929688,yfinance
COHR,2024-10-11,104.62000274658203,yfinance
COHR,2024-10-14,102.58000183105469,yfinance
COHR,2024-10-15,100.5199966430664,yfinance
COHR,2024-10-16,101.08000183105469,yfinance
COHR,2024-10-17,102.06999969482422,yfinance
COHR,2024-10-18,98.2300033569336,yfinance
COHR,2024-10-21,98.44000244140625,yfinance
COHR,2024-10-22,96.7699966430664,yfinance
COHR,2024-10-23,97.81999969482422,yfinance
COHR,2024-10-24,96.70999908447266,yfinance
COHR,2024-10-25,95.83999633789062,yfinance
COHR,2024-10-28,96.37999725341797,yfinance
COHR,2024-10-29,98.52999877929688,yfinance
COHR,2024-10-30,97.18000030517578,yfinance
COHR,2024-10-31,92.44000244140625,yfinance
COHR,2024-11-01,92.27999877929688,yfinance
COHR,2024-11-04,90.91000366210938,yfinance
COHR,2024-11-05,93.56999969482422,yfinance
COHR,2024-11-06,99.43000030517578,yfinance
COHR,2024-11-07,109.44999694824219,yfinance
COHR,2024-11-08,110.0199966430664,yfinance
COHR,2024-11-11,104.66999816894531,yfinance
COHR,2024-11-12,104.0,yfinance
COHR,2024-11-13,102.70999908447266,yfinance
COHR,2024-11-14,100.01000213623047,yfinance
COHR,2024-11-15,95.11000061035156,yfinance
COHR,2024-11-18,95.3499984741211,yfinance
COHR,2024-11-19,104.25,yfinance
COHR,2024-11-20,103.37999725341797,yfinance
COHR,2024-11-21,105.72000122070312,yfinance
COHR,2024-11-22,105.33999633789062,yfinance
COHR,2024-11-25,99.80000305175781,yfinance
COHR,2024-11-26,101.04000091552734,yfinance
COHR,2024-11-27,98.08999633789062,yfinance
COHR,2024-11-29,100.16000366210938,yfinance
COHR,2024-12-02,103.62000274658203,yfinance
COHR,2024-12-03,106.54000091552734,yfinance
COHR,2024-12-04,112.0199966430664,yfinance
COHR,2024-12-05,108.66000366210938,yfinance
COHR,2024-12-06,111.23999786376953,yfinance
COHR,2024-12-09,103.94999694824219,yfinance
COHR,2024-12-10,100.20999908447266,yfinance
COHR,2024-12-11,103.83999633789062,yfinance
COHR,2024-12-12,104.08000183105469,yfinance
COHR,2024-12-13,106.63999938964844,yfinance
COHR,2024-12-16,107.8499984741211,yfinance
COHR,2024-12-17,103.29000091552734,yfinance
COHR,2024-12-18,97.33000183105469,yfinance
COHR,2024-12-19,96.18000030517578,yfinance
COHR,2024-12-20,97.66999816894531,yfinance
COHR,2024-12-23,99.0199966430664,yfinance
COHR,2024-12-24,99.77999877929688,yfinance
COHR,2024-12-26,99.5999984741211,yfinance
COHR,2024-12-27,96.98999786376953,yfinance
COHR,2024-12-30,94.83999633789062,yfinance
COHR,2024-12-31,94.7300033569336,yfinance
COHR,2025-01-02,100.58999633789062,yfinance
COHR,2025-01-03,106.23999786376953,yfinance
COHR,2025-01-06,100.95999908447266,yfinance
COHR,2025-01-07,97.43000030517578,yfinance
COHR,2025-01-08,93.66000366210938,yfinance
COHR,2025-01-10,89.87000274658203,yfinance
COHR,2025-01-13,92.05000305175781,yfinance
COHR,2025-01-14,93.0,yfinance
COHR,2025-01-15,96.44999694824219,yfinance
COHR,2025-01-16,95.66999816894531,yfinance
COHR,2025-01-17,98.29000091552734,yfinance
COHR,2025-01-21,103.19999694824219,yfinance
COHR,2025-01-22,107.95999908447266,yfinance
COHR,2025-01-23,107.76000213623047,yfinance
COHR,2025-01-24,100.33000183105469,yfinance
COHR,2025-01-27,81.31999969482422,yfinance
COHR,2025-01-28,82.48999786376953,yfinance
COHR,2025-01-29,85.58000183105469,yfinance
COHR,2025-01-30,89.68000030517578,yfinance
COHR,2025-01-31,90.48999786376953,yfinance
COHR,2025-02-03,87.5,yfinance
COHR,2025-02-04,87.73999786376953,yfinance
COHR,2025-02-05,90.0999984741211,yfinance
COHR,2025-02-06,100.45999908447266,yfinance
COHR,2025-02-07,95.88999938964844,yfinance
COHR,2025-02-10,93.66000366210938,yfinance
COHR,2025-02-11,87.5,yfinance
COHR,2025-02-12,87.30000305175781,yfinance
COHR,2025-02-13,86.45999908447266,yfinance
COHR,2025-02-14,86.80000305175781,yfinance
COHR,2025-02-18,88.68000030517578,yfinance
COHR,2025-02-19,86.37999725341797,yfinance
COHR,2025-02-20,86.23999786376953,yfinance
COHR,2025-02-21,82.63999938964844,yfinance
COHR,2025-02-24,80.22000122070312,yfinance
COHR,2025-02-25,76.12999725341797,yfinance
COHR,2025-02-26,78.4000015258789,yfinance
COHR,2025-02-27,74.91999816894531,yfinance
COHR,2025-02-28,75.19000244140625,yfinance
COHR,2025-03-03,68.2699966430664,yfinance
COHR,2025-03-04,69.56999969482422,yfinance
COHR,2025-03-05,71.83999633789062,yfinance
COHR,2025-03-06,65.04000091552734,yfinance
COHR,2025-03-07,66.54000091552734,yfinance
COHR,2025-03-10,62.810001373291016,yfinance
COHR,2025-03-11,66.4800033569336,yfinance
COHR,2025-03-12,67.31999969482422,yfinance
COHR,2025-03-13,62.400001525878906,yfinance
COHR,2025-03-14,64.30000305175781,yfinance
COHR,2025-03-17,66.98999786376953,yfinance
COHR,2025-03-18,65.37999725341797,yfinance
COHR,2025-03-19,69.7699966430664,yfinance
COHR,2025-03-20,68.70999908447266,yfinance
COHR,2025-03-21,68.23999786376953,yfinance
COHR,2025-03-24,76.70999908447266,yfinance
COHR,2025-03-25,75.63999938964844,yfinance
COHR,2025-03-26,71.48999786376953,yfinance
COHR,2025-03-27,67.9000015258789,yfinance
COHR,2025-03-28,65.7300033569336,yfinance
COHR,2025-03-31,64.94000244140625,yfinance
COHR,2025-04-01,63.70000076293945,yfinance
COHR,2025-04-02,67.54000091552734,yfinance
COHR,2025-04-03,53.90999984741211,yfinance
COHR,2025-04-04,50.58000183105469,yfinance
COHR,2025-04-07,52.83000183105469,yfinance
COHR,2025-04-08,51.38999938964844,yfinance
COHR,2025-04-09,63.040000915527344,yfinance
COHR,2025-04-10,55.439998626708984,yfinance
COHR,2025-04-11,55.20000076293945,yfinance
COHR,2025-04-14,56.13999938964844,yfinance
COHR,2025-04-15,56.540000915527344,yfinance
COHR,2025-04-16,55.45000076293945,yfinance
COHR,2025-04-17,55.290000915527344,yfinance
COHR,2025-04-21,52.119998931884766,yfinance
COHR,2025-04-22,55.130001068115234,yfinance
COHR,2025-04-23,59.34000015258789,yfinance
COHR,2025-04-24,63.5099983215332,yfinance
COHR,2025-04-25,64.48999786376953,yfinance
COHR,2025-04-28,64.80999755859375,yfinance
COHR,2025-04-29,64.83999633789062,yfinance
COHR,2025-04-30,64.31999969482422,yfinance
COHR,2025-05-01,69.16999816894531,yfinance
COHR,2025-05-02,71.63999938964844,yfinance
COHR,2025-05-05,70.94999694824219,yfinance
COHR,2025-05-06,69.79000091552734,yfinance
COHR,2025-05-07,69.62000274658203,yfinance
COHR,2025-05-08,70.58999633789062,yfinance
COHR,2025-05-09,70.56999969482422,yfinance
COHR,2025-05-12,77.7699966430664,yfinance
COHR,2025-05-13,78.9000015258789,yfinance
COHR,2025-05-14,80.69999694824219,yfinance
COHR,2025-05-15,78.81999969482422,yfinance
COHR,2025-05-16,78.5999984741211,yfinance
COHR,2025-05-19,79.37999725341797,yfinance
COHR,2025-05-20,79.44999694824219,yfinance
COHR,2025-05-21,79.55999755859375,yfinance
COHR,2025-05-22,78.87999725341797,yfinance
COHR,2025-05-23,78.45999908447266,yfinance
COHR,2025-05-27,81.19000244140625,yfinance
COHR,2025-05-28,78.25,yfinance
COHR,2025-05-29,79.5199966430664,yfinance
COHR,2025-05-30,75.62999725341797,yfinance
COHR,2025-06-02,76.77999877929688,yfinance
COHR,2025-06-03,80.5,yfinance
COHR,2025-06-04,81.62999725341797,yfinance
COHR,2025-06-05,79.6500015258789,yfinance
COHR,2025-06-06,79.73999786376953,yfinance
COHR,2025-06-09,81.19000244140625,yfinance
COHR,2025-06-10,82.0199966430664,yfinance
COHR,2025-06-11,81.51000213623047,yfinance
COHR,2025-06-12,80.94999694824219,yfinance
COHR,2025-06-13,77.37000274658203,yfinance
COHR,2025-06-16,80.76000213623047,yfinance
COHR,2025-06-17,79.7699966430664,yfinance
COHR,2025-06-18,82.29000091552734,yfinance
COHR,2025-06-20,81.19999694824219,yfinance
COHR,2025-06-23,80.63999938964844,yfinance
COHR,2025-06-24,80.95999908447266,yfinance
COHR,2025-06-25,85.62999725341797,yfinance
COHR,2025-06-26,89.87999725341797,yfinance
COHR,2025-06-27,87.2300033569336,yfinance
COHR,2025-06-30,89.20999908447266,yfinance
COHR,2025-07-01,86.63999938964844,yfinance
COHR,2025-07-02,88.36000061035156,yfinance
COHR,2025-07-03,90.9000015258789,yfinance
COHR,2025-07-07,88.05000305175781,yfinance
COHR,2025-07-08,90.4000015258789,yfinance
COHR,2025-07-09,91.25,yfinance
COHR,2025-07-10,93.72000122070312,yfinance
COHR,2025-07-11,93.30000305175781,yfinance
COHR,2025-07-14,94.5199966430664,yfinance
COHR,2025-07-15,96.06999969482422,yfinance
COHR,2025-07-16,97.81999969482422,yfinance
COHR,2025-07-17,100.27999877929688,yfinance
COHR,2025-07-18,99.5999984741211,yfinance
COHR,2025-07-21,99.87999725341797,yfinance
COHR,2025-07-22,97.0199966430664,yfinance
COHR,2025-07-23,98.43000030517578,yfinance
COHR,2025-07-24,98.72000122070312,yfinance
COHR,2025-07-25,100.13999938964844,yfinance
COHR,2025-07-28,104.30000305175781,yfinance
COHR,2025-07-29,106.9800033569336,yfinance
COHR,2025-07-30,107.2300033569336,yfinance
COHR,2025-07-31,107.5999984741211,yfinance
COHR,2025-08-01,102.79000091552734,yfinance
COHR,2025-08-04,106.73999786376953,yfinance
COHR,2025-08-05,105.5999984741211,yfinance
COHR,2025-08-06,107.1500015258789,yfinance
COHR,2025-08-07,113.81999969482422,yfinance
COHR,2025-08-08,115.44000244140625,yfinance
COHR,2025-08-11,113.5999984741211,yfinance
COHR,2025-08-12,116.55999755859375,yfinance
COHR,2025-08-13,114.01000213623047,yfinance
COHR,2025-08-14,91.6500015258789,yfinance
COHR,2025-08-15,93.4000015258789,yfinance
COHR,2025-08-18,90.48999786376953,yfinance
COHR,2025-08-19,87.76000213623047,yfinance
COHR,2025-08-20,86.55000305175781,yfinance
COHR,2025-08-21,86.5999984741211,yfinance
COHR,2025-08-22,89.9000015258789,yfinance
COHR,2025-08-25,90.5,yfinance
COHR,2025-08-26,91.58000183105469,yfinance
COHR,2025-08-27,90.70999908447266,yfinance
COHR,2025-08-28,95.19999694824219,yfinance
COHR,2025-08-29,90.47000122070312,yfinance
COHR,2025-09-02,87.80000305175781,yfinance
COHR,2025-09-03,88.47000122070312,yfinance
COHR,2025-09-04,95.62000274658203,yfinance
COHR,2025-09-05,97.83999633789062,yfinance
COHR,2025-09-08,98.66999816894531,yfinance
COHR,2025-09-09,99.22000122070312,yfinance
COHR,2025-09-10,103.48999786376953,yfinance
COHR,2025-09-11,103.51000213623047,yfinance
COHR,2025-09-12,102.98999786376953,yfinance
COHR,2025-09-15,106.33999633789062,yfinance
COHR,2025-09-16,104.47000122070312,yfinance
COHR,2025-09-17,103.41000366210938,yfinance
COHR,2025-09-18,108.05000305175781,yfinance
COHR,2025-09-19,109.11000061035156,yfinance
COHR,2025-09-22,114.5999984741211,yfinance
COHR,2025-09-23,109.29000091552734,yfinance
COHR,2025-09-24,106.5199966430664,yfinance
COHR,2025-09-25,106.56999969482422,yfinance
COHR,2025-09-26,106.98999786376953,yfinance
COHR,2025-09-29,107.97000122070312,yfinance
COHR,2025-09-30,107.72000122070312,yfinance
COHR,2025-10-01,114.6500015258789,yfinance
COHR,2025-10-02,112.79000091552734,yfinance
COHR,2025-10-03,113.58000183105469,yfinance
COHR,2025-10-06,114.7699966430664,yfinance
COHR,2025-10-07,113.55999755859375,yfinance
COHR,2025-10-08,116.66999816894531,yfinance
COHR,2025-10-09,122.3499984741211,yfinance
COHR,2025-10-10,111.0999984741211,yfinance
COHR,2025-10-13,115.12999725341797,yfinance
COHR,2025-10-14,109.37000274658203,yfinance
COHR,2025-10-15,110.41000366210938,yfinance
COHR,2025-10-16,115.95999908447266,yfinance
COHR,2025-10-17,116.3499984741211,yfinance
COHR,2025-10-20,120.19999694824219,yfinance
COHR,2025-10-21,120.79000091552734,yfinance
COHR,2025-10-22,115.37000274658203,yfinance
COHR,2025-10-23,121.5199966430664,yfinance
COHR,2025-10-24,129.33999633789062,yfinance
COHR,2025-10-27,134.99000549316406,yfinance
COHR,2025-10-28,134.24000549316406,yfinance
COHR,2025-10-29,138.05999755859375,yfinance
COHR,2025-10-30,132.7100067138672,yfinance
COHR,2025-10-31,131.9600067138672,yfinance
COHR,2025-11-03,132.0,yfinance
COHR,2025-11-04,128.6999969482422,yfinance
COHR,2025-11-05,134.6300048828125,yfinance
COHR,2025-11-06,159.3000030517578,yfinance
COHR,2025-11-07,154.50999450683594,yfinance
COHR,2025-11-10,166.72000122070312,yfinance
COHR,2025-11-11,158.00999450683594,yfinance
COHR,2025-11-12,156.6699981689453,yfinance
COHR,2025-11-13,139.97000122070312,yfinance
COHR,2025-11-14,139.3300018310547,yfinance
COHR,2025-11-17,139.07000732421875,yfinance
COHR,2025-11-18,138.14999389648438,yfinance
COHR,2025-11-19,142.94000244140625,yfinance
COHR,2025-11-20,135.61000061035156,yfinance
COHR,2025-11-21,139.50999450683594,yfinance
COHR,2025-11-24,151.80999755859375,yfinance
COHR,2025-11-25,148.85000610351562,yfinance
COHR,2025-11-26,154.0,yfinance
COHR,2025-11-28,164.25999450683594,yfinance
COHR,2025-12-01,163.5,yfinance
COHR,2025-12-02,164.88999938964844,yfinance
COHR,2025-12-03,170.9600067138672,yfinance
COHR,2025-12-04,177.35000610351562,yfinance
COHR,2025-12-05,181.7899932861328,yfinance
COHR,2025-12-08,185.86000061035156,yfinance
COHR,2025-12-09,192.72999572753906,yfinance
COHR,2025-12-10,197.4499969482422,yfinance
COHR,2025-12-11,198.5,yfinance
COHR,2025-12-12,178.33999633789062,yfinance
COHR,2025-12-15,178.4499969482422,yfinance
COHR,2025-12-16,175.1999969482422,yfinance
COHR,2025-12-17,170.44000244140625,yfinance
COHR,2025-12-18,175.7100067138672,yfinance
COHR,2025-12-19,185.8300018310547,yfinance
COHR,2025-12-22,190.97999572753906,yfinance
COHR,2025-12-23,191.8699951171875,yfinance
COHR,2025-12-24,191.3699951171875,yfinance
COHR,2025-12-26,191.72000122070312,yfinance
COHR,2025-12-29,189.02000427246094,yfinance
COHR,2025-12-30,186.80999755859375,yfinance
COHR,2025-12-31,184.57000732421875,yfinance
COHR,2026-01-02,194.3300018310547,yfinance
COHR,2026-01-05,186.36000061035156,yfinance
COHR,2026-01-06,194.11000061035156,yfinance
COHR,2026-01-07,191.6199951171875,yfinance
COHR,2026-01-08,173.14999389648438,yfinance
COHR,2026-01-09,178.05999755859375,yfinance
COHR,2026-01-12,185.17999267578125,yfinance
COHR,2026-01-13,190.02999877929688,yfinance
COHR,2026-01-14,184.11000061035156,yfinance
COHR,2026-01-15,195.9600067138672,yfinance
COHR,2026-01-16,191.0399932861328,yfinance
COHR,2026-01-20,193.4600067138672,yfinance
COHR,2026-01-21,201.4600067138672,yfinance
COHR,2026-01-22,202.72000122070312,yfinance
COHR,2026-01-23,196.94000244140625,yfinance
COHR,2026-01-26,197.75999450683594,yfinance
COHR,2026-01-27,214.0,yfinance
COHR,2026-01-28,221.13999938964844,yfinance
COHR,2026-01-29,215.86000061035156,yfinance
COHR,2026-01-30,212.17999267578125,yfinance
COHR,2026-02-02,222.44000244140625,yfinance
COHR,2026-02-03,229.17999267578125,yfinance
COHR,2026-02-04,211.0,yfinance
COHR,2026-02-05,209.24000549316406,yfinance
COHR,2026-02-06,227.67999267578125,yfinance
COHR,2026-02-09,242.4600067138672,yfinance
COHR,2026-02-10,228.3699951171875,yfinance
COHR,2026-02-11,223.69000244140625,yfinance
COHR,2026-02-12,216.10000610351562,yfinance
COHR,2026-02-13,217.22999572753906,yfinance
COHR,2026-02-17,219.9600067138672,yfinance
COHR,2026-02-18,223.88999938964844,yfinance
COHR,2026-02-19,232.47999572753906,yfinance
COHR,2026-02-20,248.17999267578125,yfinance
COHR,2026-02-23,248.88999938964844,yfinance
COHR,2026-02-24,254.86000061035156,yfinance
COHR,2026-02-25,267.8999938964844,yfinance
COHR,2026-02-26,250.13999938964844,yfinance
COHR,2026-02-27,258.92999267578125,yfinance
COHR,2026-03-02,298.9100036621094,yfinance
COHR,2026-03-03,280.80999755859375,yfinance
COHR,2026-03-04,274.8599853515625,yfinance
COHR,2026-03-05,253.8699951171875,yfinance
COHR,2026-03-06,235.72000122070312,yfinance
COHR,2026-03-09,252.32000732421875,yfinance
COHR,2026-03-10,260.6400146484375,yfinance
COHR,2026-03-11,251.41000366210938,yfinance
COHR,2026-03-12,241.27000427246094,yfinance
COHR,2026-03-13,242.75999450683594,yfinance
COHR,2026-03-16,247.3699951171875,yfinance
COHR,2026-03-17,245.8000030517578,yfinance
COHR,2026-03-18,257.2099914550781,yfinance
COHR,2026-03-19,275.57000732421875,yfinance
COHR,2026-03-20,253.6300048828125,yfinance
COHR,2026-03-23,255.0500030517578,yfinance
COHR,2026-03-24,272.3299865722656,yfinance
COHR,2026-03-25,272.0400085449219,yfinance
COHR,2026-03-26,243.2899932861328,yfinance
COHR,2026-03-27,243.47999572753906,yfinance
COHR,2026-03-30,219.64999389648438,yfinance
COHR,2026-03-31,238.2100067138672,yfinance
COHR,2026-04-01,247.8000030517578,yfinance
COHR,2026-04-02,258.1600036621094,yfinance
COHR,2026-04-06,253.22000122070312,yfinance
COHR,2026-04-07,255.10000610351562,yfinance
COHR,2026-04-08,281.7900085449219,yfinance
COHR,2026-04-09,284.1700134277344,yfinance
COHR,2026-04-10,307.5,yfinance
COHR,2026-04-13,307.92999267578125,yfinance
COHR,2026-04-14,313.4200134277344,yfinance
COHR,2026-04-15,308.20001220703125,yfinance
COHR,2026-04-16,328.0,yfinance
COHR,2026-04-17,345.0199890136719,yfinance
COHR,2026-04-20,347.510009765625,yfinance
COHR,2026-04-21,343.7900085449219,yfinance
COHR,2026-04-22,350.4700012207031,yfinance
COHR,2026-04-23,337.67999267578125,yfinance
COHR,2026-04-24,336.0899963378906,yfinance
COHR,2026-04-27,321.5299987792969,yfinance
COHR,2026-04-28,303.9700012207031,yfinance
COHR,2026-04-29,304.92999267578125,yfinance
COHR,2026-04-30,319.7099914550781,yfinance
COHR,2026-05-01,329.5,yfinance
COHR,2026-05-04,329.8900146484375,yfinance
COHR,2026-05-05,335.7300109863281,yfinance
COHR,2026-05-06,344.6700134277344,yfinance
COHR,2026-05-07,319.19000244140625,yfinance
COHR,2026-05-08,335.260009765625,yfinance
COHR,2026-05-11,379.69000244140625,yfinance
COHR,2026-05-12,374.010009765625,yfinance
COHR,2026-05-13,403.7099914550781,yfinance
COHR,2026-05-14,404.94000244140625,yfinance
COHR,2026-05-15,382.45001220703125,yfinance
COHR,2026-05-18,362.8299865722656,yfinance
COHR,2026-05-19,353.6300048828125,yfinance
COHR,2026-05-20,358.5,yfinance
COHR,2026-05-21,378.0,yfinance
COHR,2026-05-22,377.57000732421875,yfinance
COHR,2026-05-26,381.3500061035156,yfinance
COHR,2026-05-27,380.17999267578125,yfinance
COHR,2026-05-28,376.95001220703125,yfinance
COHR,2026-05-29,361.4700012207031,yfinance
COHR,2026-06-01,362.8999938964844,yfinance
COHR,2026-06-02,426.8900146484375,yfinance
COHR,2026-06-03,417.42999267578125,yfinance
COHR,2026-06-04,421.8999938964844,yfinance
COHR,2026-06-05,376.989990234375,yfinance
COHR,2026-06-08,401.92999267578125,yfinance
COHR,2026-06-09,355.94000244140625,yfinance
COHR,2026-06-10,354.7699890136719,yfinance
COHR,2026-06-11,363.5799865722656,yfinance
COHR,2026-06-12,385.0299987792969,yfinance
COHR,2026-06-15,413.8399963378906,yfinance
COHR,2026-06-16,382.80999755859375,yfinance
COHR,2026-06-17,378.8500061035156,yfinance
COHR,2026-06-18,389.57000732421875,yfinance
COHR,2026-06-22,425.4800109863281,yfinance
COHR,2026-06-23,381.2200012207031,yfinance
COHR,2026-06-24,392.5,yfinance
COHR,2026-06-25,407.25,yfinance
COHR,2026-06-26,380.55999755859375,yfinance
COHR,2026-06-29,391.2200012207031,yfinance
COHR,2026-06-30,394.4700012207031,yfinance
COHR,2026-07-01,368.6499938964844,yfinance
COHR,2026-07-02,333.3599853515625,yfinance
COHR,2026-07-06,335.70001220703125,yfinance
COHR,2026-07-07,314.1300048828125,yfinance
COHR,2026-07-08,317.04998779296875,yfinance
COHR,2026-07-09,327.239990234375,yfinance
COHR,2026-07-10,324.5,yfinance
COHR,2026-07-13,307.3900146484375,yfinance
COHR,2026-07-14,310.7699890136719,yfinance
COHR,2026-07-15,299.3800048828125,yfinance
COHR,2026-07-16,276.9599914550781,yfinance
COHR,2026-07-17,277.6000061035156,yfinance
COHR,2026-07-20,285.3999938964844,yfinance
COHR,2026-07-21,317.2200012207031,yfinance
COHR,2026-07-22,312.19000244140625,yfinance
COHR,2026-07-23,313.2200012207031,yfinance
COHR,2026-07-24,282.3900146484375,yfinance
COHR,2026-07-27,271.30999755859375,yfinance
COHR,2026-07-28,243.3300018310547,yfinance
COHR,2026-07-29,222.0500030517578,yfinance
COHR,2026-07-30,249.05999755859375,yfinance
COHR,2026-07-31,262.8900146484375,yfinance
COHR,2026-08-03,288.1400146484375,yfinance
COHR,2026-08-04,323.7300109863281,yfinance
COHR,2026-08-05,328.2200012207031,yfinance
COHR,2026-08-06,334.2200012207031,yfinance
COHR,2026-08-07,379.1300048828125,yfinance
COHR,2026-08-10,325.1499938964844,yfinance
COHR,2026-08-11,328.57000732421875,yfinance
COHR,2026-08-12,355.6400146484375,yfinance
COHR,2026-08-13,327.2300109863281,yfinance
COHR,2026-08-14,325.8299865722656,yfinance
COHR,2026-08-17,351.2200012207031,yfinance
COHR,2026-08-18,306.42999267578125,yfinance
COHR,2026-08-19,287.4700012207031,yfinance
COHR,2026-08-20,290.0299987792969,yfinance
COHR,2026-08-21,289.5199890136719,yfinance
COHR,2026-08-24,275.489990234375,yfinance
COHR,2026-08-25,288.1400146484375,yfinance
COHR,2026-08-26,294.3699951171875,yfinance
COHR,2026-08-27,295.3900146484375,yfinance
COHR,2026-08-28,279.20001220703125,yfinance
COHR,2026-08-31,277.8299865722656,yfinance
COHR,2026-09-01,272.0299987792969,yfinance
COHR,2026-09-02,268.6400146484375,yfinance
COHR,2026-09-03,260.06500244140625,yfinance
TSLA,2024-09-03,210.60000610351562,yfinance
TSLA,2024-09-04,219.41000366210938,yfinance
TSLA,2024-09-05,230.1699981689453,yfinance
TSLA,2024-09-06,210.72999572753906,yfinance
TSLA,2024-09-09,216.27000427246094,yfinance
TSLA,2024-09-10,226.1699981689453,yfinance
TSLA,2024-09-11,228.1300048828125,yfinance
TSLA,2024-09-12,229.80999755859375,yfinance
TSLA,2024-09-13,230.2899932861328,yfinance
TSLA,2024-09-16,226.77999877929688,yfinance
TSLA,2024-09-17,227.8699951171875,yfinance
TSLA,2024-09-18,227.1999969482422,yfinance
TSLA,2024-09-19,243.9199981689453,yfinance
TSLA,2024-09-20,238.25,yfinance
TSLA,2024-09-23,250.0,yfinance
TSLA,2024-09-24,254.27000427246094,yfinance
TSLA,2024-09-25,257.0199890136719,yfinance
TSLA,2024-09-26,254.22000122070312,yfinance
TSLA,2024-09-27,260.4599914550781,yfinance
TSLA,2024-09-30,261.6300048828125,yfinance
TSLA,2024-10-01,258.0199890136719,yfinance
TSLA,2024-10-02,249.02000427246094,yfinance
TSLA,2024-10-03,240.66000366210938,yfinance
TSLA,2024-10-04,250.0800018310547,yfinance
TSLA,2024-10-07,240.8300018310547,yfinance
TSLA,2024-10-08,244.5,yfinance
TSLA,2024-10-09,241.0500030517578,yfinance
TSLA,2024-10-10,238.77000427246094,yfinance
TSLA,2024-10-11,217.8000030517578,yfinance
TSLA,2024-10-14,219.16000366210938,yfinance
TSLA,2024-10-15,219.57000732421875,yfinance
TSLA,2024-10-16,221.3300018310547,yfinance
TSLA,2024-10-17,220.88999938964844,yfinance
TSLA,2024-10-18,220.6999969482422,yfinance
TSLA,2024-10-21,218.85000610351562,yfinance
TSLA,2024-10-22,217.97000122070312,yfinance
TSLA,2024-10-23,213.64999389648438,yfinance
TSLA,2024-10-24,260.4800109863281,yfinance
TSLA,2024-10-25,269.19000244140625,yfinance
TSLA,2024-10-28,262.510009765625,yfinance
TSLA,2024-10-29,259.5199890136719,yfinance
TSLA,2024-10-30,257.54998779296875,yfinance
TSLA,2024-10-31,249.85000610351562,yfinance
TSLA,2024-11-01,248.97999572753906,yfinance
TSLA,2024-11-04,242.83999633789062,yfinance
TSLA,2024-11-05,251.44000244140625,yfinance
TSLA,2024-11-06,288.5299987792969,yfinance
TSLA,2024-11-07,296.9100036621094,yfinance
TSLA,2024-11-08,321.2200012207031,yfinance
TSLA,2024-11-11,350.0,yfinance
TSLA,2024-11-12,328.489990234375,yfinance
TSLA,2024-11-13,330.239990234375,yfinance
TSLA,2024-11-14,311.17999267578125,yfinance
TSLA,2024-11-15,320.7200012207031,yfinance
TSLA,2024-11-18,338.739990234375,yfinance
TSLA,2024-11-19,346.0,yfinance
TSLA,2024-11-20,342.0299987792969,yfinance
TSLA,2024-11-21,339.6400146484375,yfinance
TSLA,2024-11-22,352.55999755859375,yfinance
TSLA,2024-11-25,338.5899963378906,yfinance
TSLA,2024-11-26,338.2300109863281,yfinance
TSLA,2024-11-27,332.8900146484375,yfinance
TSLA,2024-11-29,345.1600036621094,yfinance
TSLA,2024-12-02,357.0899963378906,yfinance
TSLA,2024-12-03,351.4200134277344,yfinance
TSLA,2024-12-04,357.92999267578125,yfinance
TSLA,2024-12-05,369.489990234375,yfinance
TSLA,2024-12-06,389.2200012207031,yfinance
TSLA,2024-12-09,389.7900085449219,yfinance
TSLA,2024-12-10,400.989990234375,yfinance
TSLA,2024-12-11,424.7699890136719,yfinance
TSLA,2024-12-12,418.1000061035156,yfinance
TSLA,2024-12-13,436.2300109863281,yfinance
TSLA,2024-12-16,463.0199890136719,yfinance
TSLA,2024-12-17,479.8599853515625,yfinance
TSLA,2024-12-18,440.1300048828125,yfinance
TSLA,2024-12-19,436.1700134277344,yfinance
TSLA,2024-12-20,421.05999755859375,yfinance
TSLA,2024-12-23,430.6000061035156,yfinance
TSLA,2024-12-24,462.2799987792969,yfinance
TSLA,2024-12-26,454.1300048828125,yfinance
TSLA,2024-12-27,431.6600036621094,yfinance
TSLA,2024-12-30,417.4100036621094,yfinance
TSLA,2024-12-31,403.8399963378906,yfinance
TSLA,2025-01-02,379.2799987792969,yfinance
TSLA,2025-01-03,410.44000244140625,yfinance
TSLA,2025-01-06,411.04998779296875,yfinance
TSLA,2025-01-07,394.3599853515625,yfinance
TSLA,2025-01-08,394.94000244140625,yfinance
TSLA,2025-01-10,394.739990234375,yfinance
TSLA,2025-01-13,403.30999755859375,yfinance
TSLA,2025-01-14,396.3599853515625,yfinance
TSLA,2025-01-15,428.2200012207031,yfinance
TSLA,2025-01-16,413.82000732421875,yfinance
TSLA,2025-01-17,426.5,yfinance
TSLA,2025-01-21,424.07000732421875,yfinance
TSLA,2025-01-22,415.1099853515625,yfinance
TSLA,2025-01-23,412.3800048828125,yfinance
TSLA,2025-01-24,406.5799865722656,yfinance
TSLA,2025-01-27,397.1499938964844,yfinance
TSLA,2025-01-28,398.0899963378906,yfinance
TSLA,2025-01-29,389.1000061035156,yfinance
TSLA,2025-01-30,400.2799987792969,yfinance
TSLA,2025-01-31,404.6000061035156,yfinance
TSLA,2025-02-03,383.67999267578125,yfinance
TSLA,2025-02-04,392.2099914550781,yfinance
TSLA,2025-02-05,378.1700134277344,yfinance
TSLA,2025-02-06,374.32000732421875,yfinance
TSLA,2025-02-07,361.6199951171875,yfinance
TSLA,2025-02-10,350.7300109863281,yfinance
TSLA,2025-02-11,328.5,yfinance
TSLA,2025-02-12,336.510009765625,yfinance
TSLA,2025-02-13,355.94000244140625,yfinance
TSLA,2025-02-14,355.8399963378906,yfinance
TSLA,2025-02-18,354.1099853515625,yfinance
TSLA,2025-02-19,360.55999755859375,yfinance
TSLA,2025-02-20,354.3999938964844,yfinance
TSLA,2025-02-21,337.79998779296875,yfinance
TSLA,2025-02-24,330.5299987792969,yfinance
TSLA,2025-02-25,302.79998779296875,yfinance
TSLA,2025-02-26,290.79998779296875,yfinance
TSLA,2025-02-27,281.95001220703125,yfinance
TSLA,2025-02-28,292.9800109863281,yfinance
TSLA,2025-03-03,284.6499938964844,yfinance
TSLA,2025-03-04,272.0400085449219,yfinance
TSLA,2025-03-05,279.1000061035156,yfinance
TSLA,2025-03-06,263.45001220703125,yfinance
TSLA,2025-03-07,262.6700134277344,yfinance
TSLA,2025-03-10,222.14999389648438,yfinance
TSLA,2025-03-11,230.5800018310547,yfinance
TSLA,2025-03-12,248.08999633789062,yfinance
TSLA,2025-03-13,240.67999267578125,yfinance
TSLA,2025-03-14,249.97999572753906,yfinance
TSLA,2025-03-17,238.00999450683594,yfinance
TSLA,2025-03-18,225.30999755859375,yfinance
TSLA,2025-03-19,235.86000061035156,yfinance
TSLA,2025-03-20,236.25999450683594,yfinance
TSLA,2025-03-21,248.7100067138672,yfinance
TSLA,2025-03-24,278.3900146484375,yfinance
TSLA,2025-03-25,288.1400146484375,yfinance
TSLA,2025-03-26,272.05999755859375,yfinance
TSLA,2025-03-27,273.1300048828125,yfinance
TSLA,2025-03-28,263.54998779296875,yfinance
TSLA,2025-03-31,259.1600036621094,yfinance
TSLA,2025-04-01,268.4599914550781,yfinance
TSLA,2025-04-02,282.760009765625,yfinance
TSLA,2025-04-03,267.2799987792969,yfinance
TSLA,2025-04-04,239.42999267578125,yfinance
TSLA,2025-04-07,233.2899932861328,yfinance
TSLA,2025-04-08,221.86000061035156,yfinance
TSLA,2025-04-09,272.20001220703125,yfinance
TSLA,2025-04-10,252.39999389648438,yfinance
TSLA,2025-04-11,252.30999755859375,yfinance
TSLA,2025-04-14,252.35000610351562,yfinance
TSLA,2025-04-15,254.11000061035156,yfinance
TSLA,2025-04-16,241.5500030517578,yfinance
TSLA,2025-04-17,241.3699951171875,yfinance
TSLA,2025-04-21,227.5,yfinance
TSLA,2025-04-22,237.97000122070312,yfinance
TSLA,2025-04-23,250.74000549316406,yfinance
TSLA,2025-04-24,259.510009765625,yfinance
TSLA,2025-04-25,284.95001220703125,yfinance
TSLA,2025-04-28,285.8800048828125,yfinance
TSLA,2025-04-29,292.0299987792969,yfinance
TSLA,2025-04-30,282.1600036621094,yfinance
TSLA,2025-05-01,280.5199890136719,yfinance
TSLA,2025-05-02,287.2099914550781,yfinance
TSLA,2025-05-05,280.260009765625,yfinance
TSLA,2025-05-06,275.3500061035156,yfinance
TSLA,2025-05-07,276.2200012207031,yfinance
TSLA,2025-05-08,284.82000732421875,yfinance
TSLA,2025-05-09,298.260009765625,yfinance
TSLA,2025-05-12,318.3800048828125,yfinance
TSLA,2025-05-13,334.07000732421875,yfinance
TSLA,2025-05-14,347.67999267578125,yfinance
TSLA,2025-05-15,342.82000732421875,yfinance
TSLA,2025-05-16,349.9800109863281,yfinance
TSLA,2025-05-19,342.0899963378906,yfinance
TSLA,2025-05-20,343.82000732421875,yfinance
TSLA,2025-05-21,334.6199951171875,yfinance
TSLA,2025-05-22,341.0400085449219,yfinance
TSLA,2025-05-23,339.3399963378906,yfinance
TSLA,2025-05-27,362.8900146484375,yfinance
TSLA,2025-05-28,356.8999938964844,yfinance
TSLA,2025-05-29,358.42999267578125,yfinance
TSLA,2025-05-30,346.4599914550781,yfinance
TSLA,2025-06-02,342.69000244140625,yfinance
TSLA,2025-06-03,344.2699890136719,yfinance
TSLA,2025-06-04,332.04998779296875,yfinance
TSLA,2025-06-05,284.70001220703125,yfinance
TSLA,2025-06-06,295.1400146484375,yfinance
TSLA,2025-06-09,308.5799865722656,yfinance
TSLA,2025-06-10,326.0899963378906,yfinance
TSLA,2025-06-11,326.42999267578125,yfinance
TSLA,2025-06-12,319.1099853515625,yfinance
TSLA,2025-06-13,325.30999755859375,yfinance
TSLA,2025-06-16,329.1300048828125,yfinance
TSLA,2025-06-17,316.3500061035156,yfinance
TSLA,2025-06-18,322.04998779296875,yfinance
TSLA,2025-06-20,322.1600036621094,yfinance
TSLA,2025-06-23,348.67999267578125,yfinance
TSLA,2025-06-24,340.4700012207031,yfinance
TSLA,2025-06-25,327.54998779296875,yfinance
TSLA,2025-06-26,325.7799987792969,yfinance
TSLA,2025-06-27,323.6300048828125,yfinance
TSLA,2025-06-30,317.6600036621094,yfinance
TSLA,2025-07-01,300.7099914550781,yfinance
TSLA,2025-07-02,315.6499938964844,yfinance
TSLA,2025-07-03,315.3500061035156,yfinance
TSLA,2025-07-07,293.94000244140625,yfinance
TSLA,2025-07-08,297.80999755859375,yfinance
TSLA,2025-07-09,295.8800048828125,yfinance
TSLA,2025-07-10,309.8699951171875,yfinance
TSLA,2025-07-11,313.510009765625,yfinance
TSLA,2025-07-14,316.8999938964844,yfinance
TSLA,2025-07-15,310.7799987792969,yfinance
TSLA,2025-07-16,321.6700134277344,yfinance
TSLA,2025-07-17,319.4100036621094,yfinance
TSLA,2025-07-18,329.6499938964844,yfinance
TSLA,2025-07-21,328.489990234375,yfinance
TSLA,2025-07-22,332.1099853515625,yfinance
TSLA,2025-07-23,332.55999755859375,yfinance
TSLA,2025-07-24,305.29998779296875,yfinance
TSLA,2025-07-25,316.05999755859375,yfinance
TSLA,2025-07-28,325.5899963378906,yfinance
TSLA,2025-07-29,321.20001220703125,yfinance
TSLA,2025-07-30,319.0400085449219,yfinance
TSLA,2025-07-31,308.2699890136719,yfinance
TSLA,2025-08-01,302.6300048828125,yfinance
TSLA,2025-08-04,309.260009765625,yfinance
TSLA,2025-08-05,308.7200012207031,yfinance
TSLA,2025-08-06,319.9100036621094,yfinance
TSLA,2025-08-07,322.2699890136719,yfinance
TSLA,2025-08-08,329.6499938964844,yfinance
TSLA,2025-08-11,339.0299987792969,yfinance
TSLA,2025-08-12,340.8399963378906,yfinance
TSLA,2025-08-13,339.3800048828125,yfinance
TSLA,2025-08-14,335.5799865722656,yfinance
TSLA,2025-08-15,330.55999755859375,yfinance
TSLA,2025-08-18,335.1600036621094,yfinance
TSLA,2025-08-19,329.30999755859375,yfinance
TSLA,2025-08-20,323.8999938964844,yfinance
TSLA,2025-08-21,320.1099853515625,yfinance
TSLA,2025-08-22,340.010009765625,yfinance
TSLA,2025-08-25,346.6000061035156,yfinance
TSLA,2025-08-26,351.6700134277344,yfinance
TSLA,2025-08-27,349.6000061035156,yfinance
TSLA,2025-08-28,345.9800109863281,yfinance
TSLA,2025-08-29,333.8699951171875,yfinance
TSLA,2025-09-02,329.3599853515625,yfinance
TSLA,2025-09-03,334.0899963378906,yfinance
TSLA,2025-09-04,338.5299987792969,yfinance
TSLA,2025-09-05,350.8399963378906,yfinance
TSLA,2025-09-08,346.3999938964844,yfinance
TSLA,2025-09-09,346.9700012207031,yfinance
TSLA,2025-09-10,347.7900085449219,yfinance
TSLA,2025-09-11,368.80999755859375,yfinance
TSLA,2025-09-12,395.94000244140625,yfinance
TSLA,2025-09-15,410.0400085449219,yfinance
TSLA,2025-09-16,421.6199951171875,yfinance
TSLA,2025-09-17,425.8599853515625,yfinance
TSLA,2025-09-18,416.8500061035156,yfinance
TSLA,2025-09-19,426.07000732421875,yfinance
TSLA,2025-09-22,434.2099914550781,yfinance
TSLA,2025-09-23,425.8500061035156,yfinance
TSLA,2025-09-24,442.7900085449219,yfinance
TSLA,2025-09-25,423.3900146484375,yfinance
TSLA,2025-09-26,440.3999938964844,yfinance
TSLA,2025-09-29,443.2099914550781,yfinance
TSLA,2025-09-30,444.7200012207031,yfinance
TSLA,2025-10-01,459.4599914550781,yfinance
TSLA,2025-10-02,436.0,yfinance
TSLA,2025-10-03,429.8299865722656,yfinance
TSLA,2025-10-06,453.25,yfinance
TSLA,2025-10-07,433.0899963378906,yfinance
TSLA,2025-10-08,438.69000244140625,yfinance
TSLA,2025-10-09,435.5400085449219,yfinance
TSLA,2025-10-10,413.489990234375,yfinance
TSLA,2025-10-13,435.8999938964844,yfinance
TSLA,2025-10-14,429.239990234375,yfinance
TSLA,2025-10-15,435.1499938964844,yfinance
TSLA,2025-10-16,428.75,yfinance
TSLA,2025-10-17,439.30999755859375,yfinance
TSLA,2025-10-20,447.42999267578125,yfinance
TSLA,2025-10-21,442.6000061035156,yfinance
TSLA,2025-10-22,438.9700012207031,yfinance
TSLA,2025-10-23,448.9800109863281,yfinance
TSLA,2025-10-24,433.7200012207031,yfinance
TSLA,2025-10-27,452.4200134277344,yfinance
TSLA,2025-10-28,460.54998779296875,yfinance
TSLA,2025-10-29,461.510009765625,yfinance
TSLA,2025-10-30,440.1000061035156,yfinance
TSLA,2025-10-31,456.55999755859375,yfinance
TSLA,2025-11-03,468.3699951171875,yfinance
TSLA,2025-11-04,444.260009765625,yfinance
TSLA,2025-11-05,462.07000732421875,yfinance
TSLA,2025-11-06,445.9100036621094,yfinance
TSLA,2025-11-07,429.5199890136719,yfinance
TSLA,2025-11-10,445.2300109863281,yfinance
TSLA,2025-11-11,439.6199951171875,yfinance
TSLA,2025-11-12,430.6000061035156,yfinance
TSLA,2025-11-13,401.989990234375,yfinance
TSLA,2025-11-14,404.3500061035156,yfinance
TSLA,2025-11-17,408.9200134277344,yfinance
TSLA,2025-11-18,401.25,yfinance
TSLA,2025-11-19,403.989990234375,yfinance
TSLA,2025-11-20,395.2300109863281,yfinance
TSLA,2025-11-21,391.0899963378906,yfinance
TSLA,2025-11-24,417.7799987792969,yfinance
TSLA,2025-11-25,419.3999938964844,yfinance
TSLA,2025-11-26,426.5799865722656,yfinance
TSLA,2025-11-28,430.1700134277344,yfinance
TSLA,2025-12-01,430.1400146484375,yfinance
TSLA,2025-12-02,429.239990234375,yfinance
TSLA,2025-12-03,446.739990234375,yfinance
TSLA,2025-12-04,454.5299987792969,yfinance
TSLA,2025-12-05,455.0,yfinance
TSLA,2025-12-08,439.5799865722656,yfinance
TSLA,2025-12-09,445.1700134277344,yfinance
TSLA,2025-12-10,451.45001220703125,yfinance
TSLA,2025-12-11,446.8900146484375,yfinance
TSLA,2025-12-12,458.9599914550781,yfinance
TSLA,2025-12-15,475.30999755859375,yfinance
TSLA,2025-12-16,489.8800048828125,yfinance
TSLA,2025-12-17,467.260009765625,yfinance
TSLA,2025-12-18,483.3699951171875,yfinance
TSLA,2025-12-19,481.20001220703125,yfinance
TSLA,2025-12-22,488.7300109863281,yfinance
TSLA,2025-12-23,485.55999755859375,yfinance
TSLA,2025-12-24,485.3999938964844,yfinance
TSLA,2025-12-26,475.19000244140625,yfinance
TSLA,2025-12-29,459.6400146484375,yfinance
TSLA,2025-12-30,454.42999267578125,yfinance
TSLA,2025-12-31,449.7200012207031,yfinance
TSLA,2026-01-02,438.07000732421875,yfinance
TSLA,2026-01-05,451.6700134277344,yfinance
TSLA,2026-01-06,432.9599914550781,yfinance
TSLA,2026-01-07,431.4100036621094,yfinance
TSLA,2026-01-08,435.79998779296875,yfinance
TSLA,2026-01-09,445.010009765625,yfinance
TSLA,2026-01-12,448.9599914550781,yfinance
TSLA,2026-01-13,447.20001220703125,yfinance
TSLA,2026-01-14,439.20001220703125,yfinance
TSLA,2026-01-15,438.57000732421875,yfinance
TSLA,2026-01-16,437.5,yfinance
TSLA,2026-01-20,419.25,yfinance
TSLA,2026-01-21,431.44000244140625,yfinance
TSLA,2026-01-22,449.3599853515625,yfinance
TSLA,2026-01-23,449.05999755859375,yfinance
TSLA,2026-01-26,435.20001220703125,yfinance
TSLA,2026-01-27,430.8999938964844,yfinance
TSLA,2026-01-28,431.4599914550781,yfinance
TSLA,2026-01-29,416.55999755859375,yfinance
TSLA,2026-01-30,430.4100036621094,yfinance
TSLA,2026-02-02,421.80999755859375,yfinance
TSLA,2026-02-03,421.9599914550781,yfinance
TSLA,2026-02-04,406.010009765625,yfinance
TSLA,2026-02-05,397.2099914550781,yfinance
TSLA,2026-02-06,411.1099853515625,yfinance
TSLA,2026-02-09,417.32000732421875,yfinance
TSLA,2026-02-10,425.2099914550781,yfinance
TSLA,2026-02-11,428.2699890136719,yfinance
TSLA,2026-02-12,417.07000732421875,yfinance
TSLA,2026-02-13,417.44000244140625,yfinance
TSLA,2026-02-17,410.6300048828125,yfinance
TSLA,2026-02-18,411.32000732421875,yfinance
TSLA,2026-02-19,411.7099914550781,yfinance
TSLA,2026-02-20,411.82000732421875,yfinance
TSLA,2026-02-23,399.8299865722656,yfinance
TSLA,2026-02-24,409.3800048828125,yfinance
TSLA,2026-02-25,417.3999938964844,yfinance
TSLA,2026-02-26,408.5799865722656,yfinance
TSLA,2026-02-27,402.510009765625,yfinance
TSLA,2026-03-02,403.32000732421875,yfinance
TSLA,2026-03-03,392.42999267578125,yfinance
TSLA,2026-03-04,405.94000244140625,yfinance
TSLA,2026-03-05,405.54998779296875,yfinance
TSLA,2026-03-06,396.7300109863281,yfinance
TSLA,2026-03-09,398.67999267578125,yfinance
TSLA,2026-03-10,399.239990234375,yfinance
TSLA,2026-03-11,407.82000732421875,yfinance
TSLA,2026-03-12,395.010009765625,yfinance
TSLA,2026-03-13,391.20001220703125,yfinance
TSLA,2026-03-16,395.55999755859375,yfinance
TSLA,2026-03-17,399.2699890136719,yfinance
TSLA,2026-03-18,392.7799987792969,yfinance
TSLA,2026-03-19,380.29998779296875,yfinance
TSLA,2026-03-20,367.9599914550781,yfinance
TSLA,2026-03-23,380.8500061035156,yfinance
TSLA,2026-03-24,383.0299987792969,yfinance
TSLA,2026-03-25,385.95001220703125,yfinance
TSLA,2026-03-26,372.1099853515625,yfinance
TSLA,2026-03-27,361.8299865722656,yfinance
TSLA,2026-03-30,355.2799987792969,yfinance
TSLA,2026-03-31,371.75,yfinance
TSLA,2026-04-01,381.260009765625,yfinance
TSLA,2026-04-02,360.5899963378906,yfinance
TSLA,2026-04-06,352.82000732421875,yfinance
TSLA,2026-04-07,346.6499938964844,yfinance
TSLA,2026-04-08,343.25,yfinance
TSLA,2026-04-09,345.6199951171875,yfinance
TSLA,2026-04-10,348.95001220703125,yfinance
TSLA,2026-04-13,352.4200134277344,yfinance
TSLA,2026-04-14,364.20001220703125,yfinance
TSLA,2026-04-15,391.95001220703125,yfinance
TSLA,2026-04-16,388.8999938964844,yfinance
TSLA,2026-04-17,400.6199951171875,yfinance
TSLA,2026-04-20,392.5,yfinance
TSLA,2026-04-21,386.4200134277344,yfinance
TSLA,2026-04-22,387.510009765625,yfinance
TSLA,2026-04-23,373.7200012207031,yfinance
TSLA,2026-04-24,376.29998779296875,yfinance
TSLA,2026-04-27,378.6700134277344,yfinance
TSLA,2026-04-28,376.0199890136719,yfinance
TSLA,2026-04-29,372.79998779296875,yfinance
TSLA,2026-04-30,381.6300048828125,yfinance
TSLA,2026-05-01,390.82000732421875,yfinance
TSLA,2026-05-04,392.510009765625,yfinance
TSLA,2026-05-05,389.3699951171875,yfinance
TSLA,2026-05-06,398.7300109863281,yfinance
TSLA,2026-05-07,411.7900085449219,yfinance
TSLA,2026-05-08,428.3500061035156,yfinance
TSLA,2026-05-11,445.0,yfinance
TSLA,2026-05-12,433.45001220703125,yfinance
TSLA,2026-05-13,445.2699890136719,yfinance
TSLA,2026-05-14,443.29998779296875,yfinance
TSLA,2026-05-15,422.239990234375,yfinance
TSLA,2026-05-18,409.989990234375,yfinance
TSLA,2026-05-19,404.1099853515625,yfinance
TSLA,2026-05-20,417.260009765625,yfinance
TSLA,2026-05-21,417.8500061035156,yfinance
TSLA,2026-05-22,426.010009765625,yfinance
TSLA,2026-05-26,433.5899963378906,yfinance
TSLA,2026-05-27,440.3599853515625,yfinance
TSLA,2026-05-28,442.1000061035156,yfinance
TSLA,2026-05-29,435.7900085449219,yfinance
TSLA,2026-06-01,415.8800048828125,yfinance
TSLA,2026-06-02,423.739990234375,yfinance
TSLA,2026-06-03,423.70001220703125,yfinance
TSLA,2026-06-04,418.45001220703125,yfinance
TSLA,2026-06-05,391.0,yfinance
TSLA,2026-06-08,408.95001220703125,yfinance
TSLA,2026-06-09,396.67999267578125,yfinance
TSLA,2026-06-10,381.5899963378906,yfinance
TSLA,2026-06-11,399.1499938964844,yfinance
TSLA,2026-06-12,406.42999267578125,yfinance
TSLA,2026-06-15,411.1499938964844,yfinance
TSLA,2026-06-16,404.6600036621094,yfinance
TSLA,2026-06-17,396.3800048828125,yfinance
TSLA,2026-06-18,400.489990234375,yfinance
TSLA,2026-06-22,405.04998779296875,yfinance
TSLA,2026-06-23,381.6099853515625,yfinance
TSLA,2026-06-24,375.5299987792969,yfinance
TSLA,2026-06-25,375.1199951171875,yfinance
TSLA,2026-06-26,379.7099914550781,yfinance
TSLA,2026-06-29,411.8399963378906,yfinance
TSLA,2026-06-30,420.6000061035156,yfinance
TSLA,2026-07-01,425.29998779296875,yfinance
TSLA,2026-07-02,393.45001220703125,yfinance
TSLA,2026-07-06,419.7699890136719,yfinance
TSLA,2026-07-07,402.8999938964844,yfinance
TSLA,2026-07-08,394.05999755859375,yfinance
TSLA,2026-07-09,406.54998779296875,yfinance
TSLA,2026-07-10,407.760009765625,yfinance
TSLA,2026-07-13,394.760009765625,yfinance
TSLA,2026-07-14,396.17999267578125,yfinance
TSLA,2026-07-15,394.4599914550781,yfinance
TSLA,2026-07-16,391.05999755859375,yfinance
TSLA,2026-07-17,380.8399963378906,yfinance
TSLA,2026-07-20,369.57000732421875,yfinance
TSLA,2026-07-21,378.92999267578125,yfinance
TSLA,2026-07-22,374.010009765625,yfinance
TSLA,2026-07-23,319.69000244140625,yfinance
TSLA,2026-07-24,313.0299987792969,yfinance
TSLA,2026-07-27,309.2200012207031,yfinance
TSLA,2026-07-28,307.44000244140625,yfinance
TSLA,2026-07-29,298.32000732421875,yfinance
TSLA,2026-07-30,308.8500061035156,yfinance
TSLA,2026-07-31,311.2099914550781,yfinance
TSLA,2026-08-03,322.0799865722656,yfinance
TSLA,2026-08-04,327.3500061035156,yfinance
TSLA,2026-08-05,321.54998779296875,yfinance
TSLA,2026-08-06,319.5299987792969,yfinance
TSLA,2026-08-07,328.5799865722656,yfinance
TSLA,2026-08-10,330.8800048828125,yfinance
TSLA,2026-08-11,332.80999755859375,yfinance
TSLA,2026-08-12,327.510009765625,yfinance
TSLA,2026-08-13,339.9599914550781,yfinance
TSLA,2026-08-14,342.2699890136719,yfinance
TSLA,2026-08-17,339.29998779296875,yfinance
TSLA,2026-08-18,336.8699951171875,yfinance
TSLA,2026-08-19,351.1199951171875,yfinance
TSLA,2026-08-20,345.1300048828125,yfinance
TSLA,2026-08-21,362.8599853515625,yfinance
TSLA,2026-08-24,348.95001220703125,yfinance
TSLA,2026-08-25,350.25,yfinance
TSLA,2026-08-26,345.82000732421875,yfinance
TSLA,2026-08-27,354.80999755859375,yfinance
TSLA,2026-08-28,348.75,yfinance
TSLA,2026-08-31,367.95001220703125,yfinance
TSLA,2026-09-01,356.0899963378906,yfinance
TSLA,2026-09-02,357.010009765625,yfinance
TSLA,2026-09-03,378.7250061035156,yfinance
LITE,2024-09-03,53.0099983215332,yfinance
LITE,2024-09-04,55.43000030517578,yfinance
LITE,2024-09-05,55.08000183105469,yfinance
LITE,2024-09-06,52.11000061035156,yfinance
LITE,2024-09-09,51.20000076293945,yfinance
LITE,2024-09-10,51.099998474121094,yfinance
LITE,2024-09-11,53.95000076293945,yfinance
LITE,2024-09-12,54.25,yfinance
LITE,2024-09-13,55.779998779296875,yfinance
LITE,2024-09-16,56.59000015258789,yfinance
LITE,2024-09-17,58.369998931884766,yfinance
LITE,2024-09-18,58.279998779296875,yfinance
LITE,2024-09-19,61.13999938964844,yfinance
LITE,2024-09-20,61.349998474121094,yfinance
LITE,2024-09-23,61.22999954223633,yfinance
LITE,2024-09-24,60.790000915527344,yfinance
LITE,2024-09-25,60.95000076293945,yfinance
LITE,2024-09-26,64.73999786376953,yfinance
LITE,2024-09-27,64.52999877929688,yfinance
LITE,2024-09-30,63.380001068115234,yfinance
LITE,2024-10-01,61.4900016784668,yfinance
LITE,2024-10-02,65.0,yfinance
LITE,2024-10-03,66.16000366210938,yfinance
LITE,2024-10-04,68.80000305175781,yfinance
LITE,2024-10-07,67.2699966430664,yfinance
LITE,2024-10-08,67.75,yfinance
LITE,2024-10-09,67.68000030517578,yfinance
LITE,2024-10-10,67.0999984741211,yfinance
LITE,2024-10-11,68.23999786376953,yfinance
LITE,2024-10-14,69.2300033569336,yfinance
LITE,2024-10-15,66.58000183105469,yfinance
LITE,2024-10-16,68.77999877929688,yfinance
LITE,2024-10-17,69.62000274658203,yfinance
LITE,2024-10-18,66.2300033569336,yfinance
LITE,2024-10-21,65.55999755859375,yfinance
LITE,2024-10-22,66.54000091552734,yfinance
LITE,2024-10-23,65.66000366210938,yfinance
LITE,2024-10-24,64.63999938964844,yfinance
LITE,2024-10-25,64.37000274658203,yfinance
LITE,2024-10-28,64.95999908447266,yfinance
LITE,2024-10-29,65.76000213623047,yfinance
LITE,2024-10-30,65.3499984741211,yfinance
LITE,2024-10-31,63.869998931884766,yfinance
LITE,2024-11-01,65.3499984741211,yfinance
LITE,2024-11-04,64.16999816894531,yfinance
LITE,2024-11-05,66.18000030517578,yfinance
LITE,2024-11-06,71.97000122070312,yfinance
LITE,2024-11-07,73.63999938964844,yfinance
LITE,2024-11-08,83.8499984741211,yfinance
LITE,2024-11-11,86.72000122070312,yfinance
LITE,2024-11-12,86.6500015258789,yfinance
LITE,2024-11-13,88.05999755859375,yfinance
LITE,2024-11-14,85.12999725341797,yfinance
LITE,2024-11-15,81.44999694824219,yfinance
LITE,2024-11-18,80.54000091552734,yfinance
LITE,2024-11-19,82.4800033569336,yfinance
LITE,2024-11-20,82.47000122070312,yfinance
LITE,2024-11-21,85.61000061035156,yfinance
LITE,2024-11-22,89.08999633789062,yfinance
LITE,2024-11-25,87.19999694824219,yfinance
LITE,2024-11-26,86.9800033569336,yfinance
LITE,2024-11-27,83.7699966430664,yfinance
LITE,2024-11-29,86.97000122070312,yfinance
LITE,2024-12-02,86.37000274658203,yfinance
LITE,2024-12-03,88.69999694824219,yfinance
LITE,2024-12-04,94.9000015258789,yfinance
LITE,2024-12-05,92.63999938964844,yfinance
LITE,2024-12-06,92.83999633789062,yfinance
LITE,2024-12-09,89.80000305175781,yfinance
LITE,2024-12-10,86.97000122070312,yfinance
LITE,2024-12-11,88.19999694824219,yfinance
LITE,2024-12-12,90.75,yfinance
LITE,2024-12-13,92.91999816894531,yfinance
LITE,2024-12-16,93.18000030517578,yfinance
LITE,2024-12-17,88.91999816894531,yfinance
LITE,2024-12-18,82.9000015258789,yfinance
LITE,2024-12-19,83.55999755859375,yfinance
LITE,2024-12-20,85.08000183105469,yfinance
LITE,2024-12-23,83.22000122070312,yfinance
LITE,2024-12-24,84.33999633789062,yfinance
LITE,2024-12-26,85.69000244140625,yfinance
LITE,2024-12-27,84.36000061035156,yfinance
LITE,2024-12-30,83.83999633789062,yfinance
LITE,2024-12-31,83.94999694824219,yfinance
LITE,2025-01-02,85.5999984741211,yfinance
LITE,2025-01-03,89.3499984741211,yfinance
LITE,2025-01-06,90.44000244140625,yfinance
LITE,2025-01-07,86.58999633789062,yfinance
LITE,2025-01-08,85.19000244140625,yfinance
LITE,2025-01-10,84.37999725341797,yfinance
LITE,2025-01-13,83.73999786376953,yfinance
LITE,2025-01-14,85.08000183105469,yfinance
LITE,2025-01-15,88.4000015258789,yfinance
LITE,2025-01-16,89.36000061035156,yfinance
LITE,2025-01-17,94.41000366210938,yfinance
LITE,2025-01-21,97.44999694824219,yfinance
LITE,2025-01-22,100.37999725341797,yfinance
LITE,2025-01-23,99.33000183105469,yfinance
LITE,2025-01-24,95.6500015258789,yfinance
LITE,2025-01-27,74.16999816894531,yfinance
LITE,2025-01-28,77.80000305175781,yfinance
LITE,2025-01-29,77.91000366210938,yfinance
LITE,2025-01-30,83.9800033569336,yfinance
LITE,2025-01-31,85.05999755859375,yfinance
LITE,2025-02-03,84.30999755859375,yfinance
LITE,2025-02-04,86.33000183105469,yfinance
LITE,2025-02-05,89.19000244140625,yfinance
LITE,2025-02-06,92.66999816894531,yfinance
LITE,2025-02-07,85.9000015258789,yfinance
LITE,2025-02-10,81.93000030517578,yfinance
LITE,2025-02-11,79.5999984741211,yfinance
LITE,2025-02-12,79.22000122070312,yfinance
LITE,2025-02-13,78.12999725341797,yfinance
LITE,2025-02-14,77.68000030517578,yfinance
LITE,2025-02-18,80.22000122070312,yfinance
LITE,2025-02-19,77.29000091552734,yfinance
LITE,2025-02-20,76.33999633789062,yfinance
LITE,2025-02-21,73.3499984741211,yfinance
LITE,2025-02-24,72.47000122070312,yfinance
LITE,2025-02-25,70.38999938964844,yfinance
LITE,2025-02-26,72.5,yfinance
LITE,2025-02-27,69.62000274658203,yfinance
LITE,2025-02-28,70.33000183105469,yfinance
LITE,2025-03-03,65.69000244140625,yfinance
LITE,2025-03-04,65.08999633789062,yfinance
LITE,2025-03-05,67.33999633789062,yfinance
LITE,2025-03-06,61.09000015258789,yfinance
LITE,2025-03-07,62.11000061035156,yfinance
LITE,2025-03-10,57.40999984741211,yfinance
LITE,2025-03-11,62.04999923706055,yfinance
LITE,2025-03-12,64.0199966430664,yfinance
LITE,2025-03-13,60.290000915527344,yfinance
LITE,2025-03-14,63.61000061035156,yfinance
LITE,2025-03-17,68.30999755859375,yfinance
LITE,2025-03-18,65.87999725341797,yfinance
LITE,2025-03-19,67.16999816894531,yfinance
LITE,2025-03-20,68.83000183105469,yfinance
LITE,2025-03-21,66.61000061035156,yfinance
LITE,2025-03-24,73.62999725341797,yfinance
LITE,2025-03-25,71.06999969482422,yfinance
LITE,2025-03-26,66.11000061035156,yfinance
LITE,2025-03-27,63.97999954223633,yfinance
LITE,2025-03-28,62.58000183105469,yfinance
LITE,2025-03-31,62.34000015258789,yfinance
LITE,2025-04-01,63.59000015258789,yfinance
LITE,2025-04-02,66.81999969482422,yfinance
LITE,2025-04-03,53.45000076293945,yfinance
LITE,2025-04-04,49.560001373291016,yfinance
LITE,2025-04-07,52.2599983215332,yfinance
LITE,2025-04-08,50.02000045776367,yfinance
LITE,2025-04-09,59.810001373291016,yfinance
LITE,2025-04-10,54.470001220703125,yfinance
LITE,2025-04-11,51.27000045776367,yfinance
LITE,2025-04-14,52.36000061035156,yfinance
LITE,2025-04-15,52.689998626708984,yfinance
LITE,2025-04-16,52.209999084472656,yfinance
LITE,2025-04-17,52.0,yfinance
LITE,2025-04-21,50.06999969482422,yfinance
LITE,2025-04-22,51.63999938964844,yfinance
LITE,2025-04-23,55.16999816894531,yfinance
LITE,2025-04-24,58.77000045776367,yfinance
LITE,2025-04-25,60.0,yfinance
LITE,2025-04-28,60.08000183105469,yfinance
LITE,2025-04-29,59.959999084472656,yfinance
LITE,2025-04-30,59.040000915527344,yfinance
LITE,2025-05-01,61.52000045776367,yfinance
LITE,2025-05-02,62.86000061035156,yfinance
LITE,2025-05-05,63.16999816894531,yfinance
LITE,2025-05-06,64.41999816894531,yfinance
LITE,2025-05-07,66.23999786376953,yfinance
LITE,2025-05-08,65.66000366210938,yfinance
LITE,2025-05-09,64.87000274658203,yfinance
LITE,2025-05-12,71.7300033569336,yfinance
LITE,2025-05-13,74.51000213623047,yfinance
LITE,2025-05-14,78.29000091552734,yfinance
LITE,2025-05-15,77.76000213623047,yfinance
LITE,2025-05-16,77.94999694824219,yfinance
LITE,2025-05-19,77.87000274658203,yfinance
LITE,2025-05-20,77.11000061035156,yfinance
LITE,2025-05-21,75.94999694824219,yfinance
LITE,2025-05-22,75.87999725341797,yfinance
LITE,2025-05-23,75.7699966430664,yfinance
LITE,2025-05-27,78.37000274658203,yfinance
LITE,2025-05-28,77.9000015258789,yfinance
LITE,2025-05-29,75.41000366210938,yfinance
LITE,2025-05-30,72.27999877929688,yfinance
LITE,2025-06-02,75.86000061035156,yfinance
LITE,2025-06-03,77.6500015258789,yfinance
LITE,2025-06-04,80.27999877929688,yfinance
LITE,2025-06-05,81.63999938964844,yfinance
LITE,2025-06-06,81.45999908447266,yfinance
LITE,2025-06-09,82.11000061035156,yfinance
LITE,2025-06-10,81.95999908447266,yfinance
LITE,2025-06-11,82.36000061035156,yfinance
LITE,2025-06-12,85.5,yfinance
LITE,2025-06-13,82.46499633789062,yfinance
LITE,2025-06-16,85.77999877929688,yfinance
LITE,2025-06-17,86.34500122070312,yfinance
LITE,2025-06-18,88.45999908447266,yfinance
LITE,2025-06-20,89.66000366210938,yfinance
LITE,2025-06-23,89.16000366210938,yfinance
LITE,2025-06-24,91.80999755859375,yfinance
LITE,2025-06-25,91.7699966430664,yfinance
LITE,2025-06-26,94.70999908447266,yfinance
LITE,2025-06-27,94.75,yfinance
LITE,2025-06-30,95.05999755859375,yfinance
LITE,2025-07-01,91.48999786376953,yfinance
LITE,2025-07-02,91.23999786376953,yfinance
LITE,2025-07-03,92.75,yfinance
LITE,2025-07-07,91.08000183105469,yfinance
LITE,2025-07-08,91.30999755859375,yfinance
LITE,2025-07-09,90.44000244140625,yfinance
LITE,2025-07-10,92.62000274658203,yfinance
LITE,2025-07-11,92.98999786376953,yfinance
LITE,2025-07-14,92.23999786376953,yfinance
LITE,2025-07-15,98.13999938964844,yfinance
LITE,2025-07-16,99.62999725341797,yfinance
LITE,2025-07-17,102.63999938964844,yfinance
LITE,2025-07-18,102.22000122070312,yfinance
LITE,2025-07-21,103.83999633789062,yfinance
LITE,2025-07-22,99.62999725341797,yfinance
LITE,2025-07-23,102.12999725341797,yfinance
LITE,2025-07-24,102.8499984741211,yfinance
LITE,2025-07-25,104.5199966430664,yfinance
LITE,2025-07-28,107.16999816894531,yfinance
LITE,2025-07-29,109.4800033569336,yfinance
LITE,2025-07-30,109.8499984741211,yfinance
LITE,2025-07-31,110.08000183105469,yfinance
LITE,2025-08-01,106.68000030517578,yfinance
LITE,2025-08-04,111.12999725341797,yfinance
LITE,2025-08-05,108.1500015258789,yfinance
LITE,2025-08-06,110.01000213623047,yfinance
LITE,2025-08-07,111.12999725341797,yfinance
LITE,2025-08-08,116.2699966430664,yfinance
LITE,2025-08-11,115.02999877929688,yfinance
LITE,2025-08-12,119.66000366210938,yfinance
LITE,2025-08-13,120.2300033569336,yfinance
LITE,2025-08-14,114.62000274658203,yfinance
LITE,2025-08-15,115.86000061035156,yfinance
LITE,2025-08-18,118.9800033569336,yfinance
LITE,2025-08-19,117.95999908447266,yfinance
LITE,2025-08-20,115.88999938964844,yfinance
LITE,2025-08-21,117.43000030517578,yfinance
LITE,2025-08-22,119.33999633789062,yfinance
LITE,2025-08-25,123.41999816894531,yfinance
LITE,2025-08-26,124.62000274658203,yfinance
LITE,2025-08-27,125.83999633789062,yfinance
LITE,2025-08-28,135.5500030517578,yfinance
LITE,2025-08-29,132.80999755859375,yfinance
LITE,2025-09-02,132.55499267578125,yfinance
LITE,2025-09-03,134.1199951171875,yfinance
LITE,2025-09-04,141.91000366210938,yfinance
LITE,2025-09-05,149.4600067138672,yfinance
LITE,2025-09-08,149.39999389648438,yfinance
LITE,2025-09-09,151.72999572753906,yfinance
LITE,2025-09-10,164.8800048828125,yfinance
LITE,2025-09-11,164.8800048828125,yfinance
LITE,2025-09-12,163.02000427246094,yfinance
LITE,2025-09-15,168.77000427246094,yfinance
LITE,2025-09-16,170.89999389648438,yfinance
LITE,2025-09-17,163.33999633789062,yfinance
LITE,2025-09-18,171.5,yfinance
LITE,2025-09-19,168.72999572753906,yfinance
LITE,2025-09-22,164.7100067138672,yfinance
LITE,2025-09-23,163.99000549316406,yfinance
LITE,2025-09-24,152.75,yfinance
LITE,2025-09-25,159.11000061035156,yfinance
LITE,2025-09-26,160.75,yfinance
LITE,2025-09-29,162.5800018310547,yfinance
LITE,2025-09-30,162.7100067138672,yfinance
LITE,2025-10-01,171.39999389648438,yfinance
LITE,2025-10-02,169.75,yfinance
LITE,2025-10-03,163.80999755859375,yfinance
LITE,2025-10-06,160.60000610351562,yfinance
LITE,2025-10-07,157.14999389648438,yfinance
LITE,2025-10-08,163.08999633789062,yfinance
LITE,2025-10-09,159.75999450683594,yfinance
LITE,2025-10-10,149.61000061035156,yfinance
LITE,2025-10-13,160.55999755859375,yfinance
LITE,2025-10-14,156.77999877929688,yfinance
LITE,2025-10-15,156.57000732421875,yfinance
LITE,2025-10-16,163.22999572753906,yfinance
LITE,2025-10-17,164.77000427246094,yfinance
LITE,2025-10-20,161.0,yfinance
LITE,2025-10-21,162.9499969482422,yfinance
LITE,2025-10-22,158.05999755859375,yfinance
LITE,2025-10-23,168.5,yfinance
LITE,2025-10-24,179.3000030517578,yfinance
LITE,2025-10-27,193.8000030517578,yfinance
LITE,2025-10-28,198.38999938964844,yfinance
LITE,2025-10-29,214.27999877929688,yfinance
LITE,2025-10-30,200.1300048828125,yfinance
LITE,2025-10-31,201.55999755859375,yfinance
LITE,2025-11-03,199.5800018310547,yfinance
LITE,2025-11-04,188.36000061035156,yfinance
LITE,2025-11-05,232.75,yfinance
LITE,2025-11-06,239.67999267578125,yfinance
LITE,2025-11-07,240.11000061035156,yfinance
LITE,2025-11-10,259.8900146484375,yfinance
LITE,2025-11-11,252.47000122070312,yfinance
LITE,2025-11-12,253.80999755859375,yfinance
LITE,2025-11-13,226.86000061035156,yfinance
LITE,2025-11-14,232.14999389648438,yfinance
LITE,2025-11-17,242.07000732421875,yfinance
LITE,2025-11-18,247.42999267578125,yfinance
LITE,2025-11-19,268.9200134277344,yfinance
LITE,2025-11-20,233.24000549316406,yfinance
LITE,2025-11-21,255.58999633789062,yfinance
LITE,2025-11-24,299.3599853515625,yfinance
LITE,2025-11-25,291.2699890136719,yfinance
LITE,2025-11-26,308.2799987792969,yfinance
LITE,2025-11-28,325.1600036621094,yfinance
LITE,2025-12-01,317.92999267578125,yfinance
LITE,2025-12-02,302.80999755859375,yfinance
LITE,2025-12-03,302.9800109863281,yfinance
LITE,2025-12-04,327.8500061035156,yfinance
LITE,2025-12-05,331.4100036621094,yfinance
LITE,2025-12-08,342.55999755859375,yfinance
LITE,2025-12-09,360.3299865722656,yfinance
LITE,2025-12-10,366.0,yfinance
LITE,2025-12-11,372.0899963378906,yfinance
LITE,2025-12-12,324.3500061035156,yfinance
LITE,2025-12-15,334.69000244140625,yfinance
LITE,2025-12-16,316.1499938964844,yfinance
LITE,2025-12-17,320.25,yfinance
LITE,2025-12-18,337.1300048828125,yfinance
LITE,2025-12-19,371.42999267578125,yfinance
LITE,2025-12-22,389.8800048828125,yfinance
LITE,2025-12-23,387.4100036621094,yfinance
LITE,2025-12-24,395.9200134277344,yfinance
LITE,2025-12-26,390.7699890136719,yfinance
LITE,2025-12-29,372.6099853515625,yfinance
LITE,2025-12-30,371.17999267578125,yfinance
LITE,2025-12-31,368.5899963378906,yfinance
LITE,2026-01-02,386.1099853515625,yfinance
LITE,2026-01-05,357.04998779296875,yfinance
LITE,2026-01-06,397.4200134277344,yfinance
LITE,2026-01-07,392.8800048828125,yfinance
LITE,2026-01-08,348.260009765625,yfinance
LITE,2026-01-09,351.4200134277344,yfinance
LITE,2026-01-12,339.8699951171875,yfinance
LITE,2026-01-13,361.3299865722656,yfinance
LITE,2026-01-14,331.6199951171875,yfinance
LITE,2026-01-15,343.2699890136719,yfinance
LITE,2026-01-16,324.25,yfinance
LITE,2026-01-20,356.8299865722656,yfinance
LITE,2026-01-21,362.44000244140625,yfinance
LITE,2026-01-22,354.489990234375,yfinance
LITE,2026-01-23,339.19000244140625,yfinance
LITE,2026-01-26,332.45001220703125,yfinance
LITE,2026-01-27,370.6600036621094,yfinance
LITE,2026-01-28,385.0,yfinance
LITE,2026-01-29,381.44000244140625,yfinance
LITE,2026-01-30,391.8399963378906,yfinance
LITE,2026-02-02,423.4200134277344,yfinance
LITE,2026-02-03,435.1000061035156,yfinance
LITE,2026-02-04,465.5400085449219,yfinance
LITE,2026-02-05,504.4200134277344,yfinance
LITE,2026-02-06,551.989990234375,yfinance
LITE,2026-02-09,577.1500244140625,yfinance
LITE,2026-02-10,561.1300048828125,yfinance
LITE,2026-02-11,574.1099853515625,yfinance
LITE,2026-02-12,583.4600219726562,yfinance
LITE,2026-02-13,562.739990234375,yfinance
LITE,2026-02-17,600.4199829101562,yfinance
LITE,2026-02-18,594.260009765625,yfinance
LITE,2026-02-19,635.6400146484375,yfinance
LITE,2026-02-20,667.77001953125,yfinance
LITE,2026-02-23,674.72998046875,yfinance
LITE,2026-02-24,688.27001953125,yfinance
LITE,2026-02-25,723.3900146484375,yfinance
LITE,2026-02-26,677.0,yfinance
LITE,2026-02-27,700.9099731445312,yfinance
LITE,2026-03-02,783.25,yfinance
LITE,2026-03-03,694.4299926757812,yfinance
LITE,2026-03-04,680.7999877929688,yfinance
LITE,2026-03-05,650.8200073242188,yfinance
LITE,2026-03-06,558.4400024414062,yfinance
LITE,2026-03-09,640.6900024414062,yfinance
LITE,2026-03-10,672.0,yfinance
LITE,2026-03-11,672.0,yfinance
LITE,2026-03-12,616.0900268554688,yfinance
LITE,2026-03-13,622.5,yfinance
LITE,2026-03-16,624.8400268554688,yfinance
LITE,2026-03-17,649.5599975585938,yfinance
LITE,2026-03-18,700.8099975585938,yfinance
LITE,2026-03-19,772.1300048828125,yfinance
LITE,2026-03-20,706.3499755859375,yfinance
LITE,2026-03-23,728.9500122070312,yfinance
LITE,2026-03-24,801.989990234375,yfinance
LITE,2026-03-25,777.1699829101562,yfinance
LITE,2026-03-26,688.7999877929688,yfinance
LITE,2026-03-27,702.72998046875,yfinance
LITE,2026-03-30,654.7899780273438,yfinance
LITE,2026-03-31,702.760009765625,yfinance
LITE,2026-04-01,764.6500244140625,yfinance
LITE,2026-04-02,826.8800048828125,yfinance
LITE,2026-04-06,772.280029296875,yfinance
LITE,2026-04-07,815.75,yfinance
LITE,2026-04-08,896.02001953125,yfinance
LITE,2026-04-09,894.1300048828125,yfinance
LITE,2026-04-10,897.2999877929688,yfinance
LITE,2026-04-13,871.1799926757812,yfinance
LITE,2026-04-14,852.7899780273438,yfinance
LITE,2026-04-15,824.010009765625,yfinance
LITE,2026-04-16,891.219970703125,yfinance
LITE,2026-04-17,894.0700073242188,yfinance
LITE,2026-04-20,895.1099853515625,yfinance
LITE,2026-04-21,836.9199829101562,yfinance
LITE,2026-04-22,873.5999755859375,yfinance
LITE,2026-04-23,846.8900146484375,yfinance
LITE,2026-04-24,881.6400146484375,yfinance
LITE,2026-04-27,859.6799926757812,yfinance
LITE,2026-04-28,791.3699951171875,yfinance
LITE,2026-04-29,858.3200073242188,yfinance
LITE,2026-04-30,902.3200073242188,yfinance
LITE,2026-05-01,949.9299926757812,yfinance
LITE,2026-05-04,976.1799926757812,yfinance
LITE,2026-05-05,994.5599975585938,yfinance
LITE,2026-05-06,944.280029296875,yfinance
LITE,2026-05-07,892.5800170898438,yfinance
LITE,2026-05-08,903.7999877929688,yfinance
LITE,2026-05-11,1053.0899658203125,yfinance
LITE,2026-05-12,992.3699951171875,yfinance
LITE,2026-05-13,1030.3699951171875,yfinance
LITE,2026-05-14,1001.8099975585938,yfinance
LITE,2026-05-15,970.7000122070312,yfinance
LITE,2026-05-18,884.97998046875,yfinance
LITE,2026-05-19,890.0900268554688,yfinance
LITE,2026-05-20,868.0700073242188,yfinance
LITE,2026-05-21,964.5,yfinance
LITE,2026-05-22,946.9000244140625,yfinance
LITE,2026-05-26,910.8099975585938,yfinance
LITE,2026-05-27,902.3099975585938,yfinance
LITE,2026-05-28,860.6199951171875,yfinance
LITE,2026-05-29,854.9600219726562,yfinance
LITE,2026-06-01,905.0,yfinance
LITE,2026-06-02,1029.1500244140625,yfinance
LITE,2026-06-03,938.0,yfinance
LITE,2026-06-04,945.0800170898438,yfinance
LITE,2026-06-05,863.6599731445312,yfinance
LITE,2026-06-08,895.4000244140625,yfinance
LITE,2026-06-09,821.760009765625,yfinance
LITE,2026-06-10,853.260009765625,yfinance
LITE,2026-06-11,889.5900268554688,yfinance
LITE,2026-06-12,921.5599975585938,yfinance
LITE,2026-06-15,957.239990234375,yfinance
LITE,2026-06-16,875.3599853515625,yfinance
LITE,2026-06-17,869.97998046875,yfinance
LITE,2026-06-18,850.0,yfinance
LITE,2026-06-22,893.9299926757812,yfinance
LITE,2026-06-23,827.9199829101562,yfinance
LITE,2026-06-24,842.530029296875,yfinance
LITE,2026-06-25,861.969970703125,yfinance
LITE,2026-06-26,816.97998046875,yfinance
LITE,2026-06-29,851.4000244140625,yfinance
LITE,2026-06-30,858.0599975585938,yfinance
LITE,2026-07-01,801.1599731445312,yfinance
LITE,2026-07-02,728.3200073242188,yfinance
LITE,2026-07-06,731.25,yfinance
LITE,2026-07-07,698.9099731445312,yfinance
LITE,2026-07-08,707.0999755859375,yfinance
LITE,2026-07-09,785.77001953125,yfinance
LITE,2026-07-10,802.010009765625,yfinance
LITE,2026-07-13,768.1500244140625,yfinance
LITE,2026-07-14,814.7999877929688,yfinance
LITE,2026-07-15,752.0,yfinance
LITE,2026-07-16,706.22998046875,yfinance
LITE,2026-07-17,732.8200073242188,yfinance
LITE,2026-07-20,765.5499877929688,yfinance
LITE,2026-07-21,837.5599975585938,yfinance
LITE,2026-07-22,829.7000122070312,yfinance
LITE,2026-07-23,833.6400146484375,yfinance
LITE,2026-07-24,762.989990234375,yfinance
LITE,2026-07-27,711.9600219726562,yfinance
LITE,2026-07-28,651.9299926757812,yfinance
LITE,2026-07-29,602.3499755859375,yfinance
LITE,2026-07-30,693.239990234375,yfinance
LITE,2026-07-31,713.9400024414062,yfinance
LITE,2026-08-03,779.8900146484375,yfinance
LITE,2026-08-04,849.469970703125,yfinance
LITE,2026-08-05,826.260009765625,yfinance
LITE,2026-08-06,838.0599975585938,yfinance
LITE,2026-08-07,890.1699829101562,yfinance
LITE,2026-08-10,813.510009765625,yfinance
LITE,2026-08-11,820.5900268554688,yfinance
LITE,2026-08-12,932.469970703125,yfinance
LITE,2026-08-13,880.4099731445312,yfinance
LITE,2026-08-14,926.1400146484375,yfinance
LITE,2026-08-17,968.9000244140625,yfinance
LITE,2026-08-18,873.3099975585938,yfinance
LITE,2026-08-19,827.5999755859375,yfinance
LITE,2026-08-20,879.280029296875,yfinance
LITE,2026-08-21,866.7100219726562,yfinance
LITE,2026-08-24,830.1699829101562,yfinance
LITE,2026-08-25,885.5650024414062,yfinance
LITE,2026-08-26,939.030029296875,yfinance
LITE,2026-08-27,956.1400146484375,yfinance
LITE,2026-08-28,895.0,yfinance
LITE,2026-08-31,914.760009765625,yfinance
LITE,2026-09-01,868.9500122070312,yfinance
LITE,2026-09-02,870.5800170898438,yfinance
LITE,2026-09-03,830.655029296875,yfinance
GLW,2024-09-03,39.465126037597656,yfinance
GLW,2024-09-04,40.01824951171875,yfinance
GLW,2024-09-05,40.1443977355957,yfinance
GLW,2024-09-06,39.4360237121582,yfinance
GLW,2024-09-09,39.756248474121094,yfinance
GLW,2024-09-10,39.94062042236328,yfinance
GLW,2024-09-11,40.61017608642578,yfinance
GLW,2024-09-12,40.619876861572266,yfinance
GLW,2024-09-13,41.24092102050781,yfinance
GLW,2024-09-16,41.638771057128906,yfinance
GLW,2024-09-17,42.01721954345703,yfinance
GLW,2024-09-18,42.1336555480957,yfinance
GLW,2024-09-19,43.11373519897461,yfinance
GLW,2024-09-20,43.18166732788086,yfinance
GLW,2024-09-23,43.32722854614258,yfinance
GLW,2024-09-24,43.948265075683594,yfinance
GLW,2024-09-25,43.34663391113281,yfinance
GLW,2024-09-26,43.93855667114258,yfinance
GLW,2024-09-27,43.54070281982422,yfinance
GLW,2024-09-30,43.812416076660156,yfinance
GLW,2024-10-01,43.220481872558594,yfinance
GLW,2024-10-02,43.57952117919922,yfinance
GLW,2024-10-03,43.26900100708008,yfinance
GLW,2024-10-04,43.550411224365234,yfinance
GLW,2024-10-07,42.80322265625,yfinance
GLW,2024-10-08,43.26900100708008,yfinance
GLW,2024-10-09,45.345603942871094,yfinance
GLW,2024-10-10,44.656639099121094,yfinance
GLW,2024-10-11,45.08360290527344,yfinance
GLW,2024-10-14,45.44264221191406,yfinance
GLW,2024-10-15,44.404335021972656,yfinance
GLW,2024-10-16,44.646934509277344,yfinance
GLW,2024-10-17,45.14182662963867,yfinance
GLW,2024-10-18,45.27767562866211,yfinance
GLW,2024-10-21,45.63671112060547,yfinance
GLW,2024-10-22,45.908424377441406,yfinance
GLW,2024-10-23,45.5008659362793,yfinance
GLW,2024-10-24,45.42323684692383,yfinance
GLW,2024-10-25,44.879825592041016,yfinance
GLW,2024-10-28,45.45234680175781,yfinance
GLW,2024-10-29,47.57746505737305,yfinance
GLW,2024-10-30,46.61679458618164,yfinance
GLW,2024-10-31,46.18013000488281,yfinance
GLW,2024-11-01,46.92731857299805,yfinance
GLW,2024-11-04,45.627010345458984,yfinance
GLW,2024-11-05,45.879302978515625,yfinance
GLW,2024-11-06,46.81087112426758,yfinance
GLW,2024-11-07,46.79146194458008,yfinance
GLW,2024-11-08,47.276649475097656,yfinance
GLW,2024-11-11,47.47072219848633,yfinance
GLW,2024-11-12,46.88850021362305,yfinance
GLW,2024-11-13,45.81138610839844,yfinance
GLW,2024-11-14,45.656124114990234,yfinance
GLW,2024-11-15,45.382789611816406,yfinance
GLW,2024-11-18,45.33397674560547,yfinance
GLW,2024-11-19,46.16373825073242,yfinance
GLW,2024-11-20,46.22230529785156,yfinance
GLW,2024-11-21,46.700645446777344,yfinance
GLW,2024-11-22,47.364444732666016,yfinance
GLW,2024-11-25,47.11063766479492,yfinance
GLW,2024-11-26,46.856834411621094,yfinance
GLW,2024-11-27,47.07158660888672,yfinance
GLW,2024-11-29,47.510868072509766,yfinance
GLW,2024-12-02,48.06730270385742,yfinance
GLW,2024-12-03,47.99896240234375,yfinance
GLW,2024-12-04,47.97944259643555,yfinance
GLW,2024-12-05,48.574913024902344,yfinance
GLW,2024-12-06,48.379676818847656,yfinance
GLW,2024-12-09,47.35468292236328,yfinance
GLW,2024-12-10,47.218013763427734,yfinance
GLW,2024-12-11,46.49563980102539,yfinance
GLW,2024-12-12,47.45230484008789,yfinance
GLW,2024-12-13,47.003257751464844,yfinance
GLW,2024-12-16,47.03253936767578,yfinance
GLW,2024-12-17,46.62253952026367,yfinance
GLW,2024-12-18,45.402313232421875,yfinance
GLW,2024-12-19,45.9392204284668,yfinance
GLW,2024-12-20,46.18326187133789,yfinance
GLW,2024-12-23,46.36874008178711,yfinance
GLW,2024-12-24,46.75921630859375,yfinance
GLW,2024-12-26,46.84707260131836,yfinance
GLW,2024-12-27,46.64207077026367,yfinance
GLW,2024-12-30,46.212547302246094,yfinance
GLW,2024-12-31,46.38825988769531,yfinance
GLW,2025-01-02,45.5975456237793,yfinance
GLW,2025-01-03,46.36874008178711,yfinance
GLW,2025-01-06,47.18873596191406,yfinance
GLW,2025-01-07,46.71040725708008,yfinance
GLW,2025-01-08,46.593257904052734,yfinance
GLW,2025-01-10,45.99778747558594,yfinance
GLW,2025-01-13,45.470645904541016,yfinance
GLW,2025-01-14,46.30039978027344,yfinance
GLW,2025-01-15,47.64753723144531,yfinance
GLW,2025-01-16,48.06730270385742,yfinance
GLW,2025-01-17,48.65300369262695,yfinance
GLW,2025-01-21,50.32228088378906,yfinance
GLW,2025-01-22,52.72369384765625,yfinance
GLW,2025-01-23,52.69440841674805,yfinance
GLW,2025-01-24,52.95798110961914,yfinance
GLW,2025-01-27,48.35039138793945,yfinance
GLW,2025-01-28,50.00990295410156,yfinance
GLW,2025-01-29,48.613956451416016,yfinance
GLW,2025-01-30,48.7994384765625,yfinance
GLW,2025-01-31,50.839664459228516,yfinance
GLW,2025-02-03,50.12704849243164,yfinance
GLW,2025-02-04,50.80061721801758,yfinance
GLW,2025-02-05,52.020843505859375,yfinance
GLW,2025-02-06,52.37227249145508,yfinance
GLW,2025-02-07,51.708465576171875,yfinance
GLW,2025-02-10,51.786563873291016,yfinance
GLW,2025-02-11,51.15203857421875,yfinance
GLW,2025-02-12,50.77132797241211,yfinance
GLW,2025-02-13,50.86894989013672,yfinance
GLW,2025-02-14,51.2887077331543,yfinance
GLW,2025-02-18,51.63036346435547,yfinance
GLW,2025-02-19,51.41560363769531,yfinance
GLW,2025-02-20,50.63466262817383,yfinance
GLW,2025-02-21,50.263710021972656,yfinance
GLW,2025-02-24,49.570613861083984,yfinance
GLW,2025-02-25,48.48705291748047,yfinance
GLW,2025-02-26,48.8189582824707,yfinance
GLW,2025-02-27,47.83301544189453,yfinance
GLW,2025-02-28,49.23698806762695,yfinance
GLW,2025-03-03,47.37157440185547,yfinance
GLW,2025-03-04,45.643611907958984,yfinance
GLW,2025-03-05,46.18360137939453,yfinance
GLW,2025-03-06,44.68145751953125,yfinance
GLW,2025-03-07,45.093814849853516,yfinance
GLW,2025-03-10,44.190555572509766,yfinance
GLW,2025-03-11,44.09238052368164,yfinance
GLW,2025-03-12,44.573455810546875,yfinance
GLW,2025-03-13,44.769813537597656,yfinance
GLW,2025-03-14,45.89888000488281,yfinance
GLW,2025-03-17,46.00687789916992,yfinance
GLW,2025-03-18,46.4094123840332,yfinance
GLW,2025-03-19,47.872283935546875,yfinance
GLW,2025-03-20,47.78392028808594,yfinance
GLW,2025-03-21,47.6464729309082,yfinance
GLW,2025-03-24,48.98171615600586,yfinance
GLW,2025-03-25,48.09810256958008,yfinance
GLW,2025-03-26,46.24250411987305,yfinance
GLW,2025-03-27,45.712337493896484,yfinance
GLW,2025-03-28,45.02508544921875,yfinance
GLW,2025-03-31,44.9465446472168,yfinance
GLW,2025-04-01,44.71091079711914,yfinance
GLW,2025-04-02,45.69270324707031,yfinance
GLW,2025-04-03,41.520076751708984,yfinance
GLW,2025-04-04,38.35870361328125,yfinance
GLW,2025-04-07,38.88887405395508,yfinance
GLW,2025-04-08,38.46669387817383,yfinance
GLW,2025-04-09,42.47241973876953,yfinance
GLW,2025-04-10,40.930999755859375,yfinance
GLW,2025-04-11,40.50882339477539,yfinance
GLW,2025-04-14,40.85245895385742,yfinance
GLW,2025-04-15,41.01935577392578,yfinance
GLW,2025-04-16,40.528465270996094,yfinance
GLW,2025-04-17,40.76409912109375,yfinance
GLW,2025-04-21,39.95902633666992,yfinance
GLW,2025-04-22,40.98991012573242,yfinance
GLW,2025-04-23,42.18770217895508,yfinance
GLW,2025-04-24,43.08113098144531,yfinance
GLW,2025-04-25,43.37566375732422,yfinance
GLW,2025-04-28,43.297119140625,yfinance
GLW,2025-04-29,43.650569915771484,yfinance
GLW,2025-04-30,43.572025299072266,yfinance
GLW,2025-05-01,43.964744567871094,yfinance
GLW,2025-05-02,44.92690658569336,yfinance
GLW,2025-05-05,44.583274841308594,yfinance
GLW,2025-05-06,43.945106506347656,yfinance
GLW,2025-05-07,44.033470153808594,yfinance
GLW,2025-05-08,44.22982406616211,yfinance
GLW,2025-05-09,44.2592887878418,yfinance
GLW,2025-05-12,46.11487579345703,yfinance
GLW,2025-05-13,46.75303649902344,yfinance
GLW,2025-05-14,46.15414810180664,yfinance
GLW,2025-05-15,46.733402252197266,yfinance
GLW,2025-05-16,47.34211349487305,yfinance
GLW,2025-05-19,47.25375747680664,yfinance
GLW,2025-05-20,47.10649108886719,yfinance
GLW,2025-05-21,47.3028450012207,yfinance
GLW,2025-05-22,47.66610336303711,yfinance
GLW,2025-05-23,47.47956848144531,yfinance
GLW,2025-05-27,49.01116180419922,yfinance
GLW,2025-05-28,48.54972457885742,yfinance
GLW,2025-05-29,49.05044174194336,yfinance
GLW,2025-05-30,48.96158218383789,yfinance
GLW,2025-06-02,49.405879974365234,yfinance
GLW,2025-06-03,50.136497497558594,yfinance
GLW,2025-06-04,50.11675262451172,yfinance
GLW,2025-06-05,50.215484619140625,yfinance
GLW,2025-06-06,50.0673828125,yfinance
GLW,2025-06-09,50.24510192871094,yfinance
GLW,2025-06-10,49.96865463256836,yfinance
GLW,2025-06-11,49.81068420410156,yfinance
GLW,2025-06-12,50.175994873046875,yfinance
GLW,2025-06-13,48.97145080566406,yfinance
GLW,2025-06-16,50.136497497558594,yfinance
GLW,2025-06-17,49.840301513671875,yfinance
GLW,2025-06-18,49.85017776489258,yfinance
GLW,2025-06-20,49.78105926513672,yfinance
GLW,2025-06-23,51.14357376098633,yfinance
GLW,2025-06-24,50.76839065551758,yfinance
GLW,2025-06-25,50.738773345947266,yfinance
GLW,2025-06-26,51.04484176635742,yfinance
GLW,2025-06-27,51.1633186340332,yfinance
GLW,2025-06-30,51.92356491088867,yfinance
GLW,2025-07-01,51.92356491088867,yfinance
GLW,2025-07-02,52.05191421508789,yfinance
GLW,2025-07-03,52.367862701416016,yfinance
GLW,2025-07-07,51.71622848510742,yfinance
GLW,2025-07-08,52.06179428100586,yfinance
GLW,2025-07-09,51.90381622314453,yfinance
GLW,2025-07-10,51.597747802734375,yfinance
GLW,2025-07-11,50.946109771728516,yfinance
GLW,2025-07-14,52.44684600830078,yfinance
GLW,2025-07-15,51.85445022583008,yfinance
GLW,2025-07-16,52.29875183105469,yfinance
GLW,2025-07-17,53.51316452026367,yfinance
GLW,2025-07-18,53.32556915283203,yfinance
GLW,2025-07-21,53.21696090698242,yfinance
GLW,2025-07-22,53.33544158935547,yfinance
GLW,2025-07-23,55.09288787841797,yfinance
GLW,2025-07-24,55.01390075683594,yfinance
GLW,2025-07-25,54.65846252441406,yfinance
GLW,2025-07-28,54.707828521728516,yfinance
GLW,2025-07-29,61.19456481933594,yfinance
GLW,2025-07-30,61.81658935546875,yfinance
GLW,2025-07-31,62.438602447509766,yfinance
GLW,2025-08-01,61.26367950439453,yfinance
GLW,2025-08-04,62.6854362487793,yfinance
GLW,2025-08-05,62.36948776245117,yfinance
GLW,2025-08-06,63.169227600097656,yfinance
GLW,2025-08-07,63.93935012817383,yfinance
GLW,2025-08-08,64.93653106689453,yfinance
GLW,2025-08-11,64.15655517578125,yfinance
GLW,2025-08-12,64.91679382324219,yfinance
GLW,2025-08-13,64.90691375732422,yfinance
GLW,2025-08-14,64.92667388916016,yfinance
GLW,2025-08-15,64.61073303222656,yfinance
GLW,2025-08-18,64.68970489501953,yfinance
GLW,2025-08-19,63.702388763427734,yfinance
GLW,2025-08-20,63.781368255615234,yfinance
GLW,2025-08-21,64.06769561767578,yfinance
GLW,2025-08-22,64.93653106689453,yfinance
GLW,2025-08-25,65.93374633789062,yfinance
GLW,2025-08-26,66.54588317871094,yfinance
GLW,2025-08-27,66.39779663085938,yfinance
GLW,2025-08-28,68.0564956665039,yfinance
GLW,2025-08-29,66.45050811767578,yfinance
GLW,2025-09-02,67.87805938720703,yfinance
GLW,2025-09-03,68.74053192138672,yfinance
GLW,2025-09-04,69.11724853515625,yfinance
GLW,2025-09-05,70.57454681396484,yfinance
GLW,2025-09-08,71.52623748779297,yfinance
GLW,2025-09-09,71.76416015625,yfinance
GLW,2025-09-10,74.28221893310547,yfinance
GLW,2025-09-11,74.81754302978516,yfinance
GLW,2025-09-12,76.37396240234375,yfinance
GLW,2025-09-15,77.30583953857422,yfinance
GLW,2025-09-16,78.01960754394531,yfinance
GLW,2025-09-17,76.21533966064453,yfinance
GLW,2025-09-18,78.9316635131836,yfinance
GLW,2025-09-19,78.87217712402344,yfinance
GLW,2025-09-22,78.47564697265625,yfinance
GLW,2025-09-23,80.29972839355469,yfinance
GLW,2025-09-24,79.21916198730469,yfinance
GLW,2025-09-25,78.4458999633789,yfinance
GLW,2025-09-26,78.66399383544922,yfinance
GLW,2025-09-29,79.56612396240234,yfinance
GLW,2025-09-30,81.3208236694336,yfinance
GLW,2025-10-01,82.40141296386719,yfinance
GLW,2025-10-02,81.80658721923828,yfinance
GLW,2025-10-03,82.83759307861328,yfinance
GLW,2025-10-06,84.60221862792969,yfinance
GLW,2025-10-07,84.32463073730469,yfinance
GLW,2025-10-08,86.31724548339844,yfinance
GLW,2025-10-09,86.43622589111328,yfinance
GLW,2025-10-10,82.26261901855469,yfinance
GLW,2025-10-13,84.76082611083984,yfinance
GLW,2025-10-14,83.8785171508789,yfinance
GLW,2025-10-15,85.87113952636719,yfinance
GLW,2025-10-16,85.97028350830078,yfinance
GLW,2025-10-17,83.75955963134766,yfinance
GLW,2025-10-20,84.542724609375,yfinance
GLW,2025-10-21,85.30607604980469,yfinance
GLW,2025-10-22,83.41258239746094,yfinance
GLW,2025-10-23,85.09788513183594,yfinance
GLW,2025-10-24,86.6543197631836,yfinance
GLW,2025-10-27,88.59737396240234,yfinance
GLW,2025-10-28,85.68279266357422,yfinance
GLW,2025-10-29,89.50941467285156,yfinance
GLW,2025-10-30,89.49949645996094,yfinance
GLW,2025-10-31,88.30986785888672,yfinance
GLW,2025-11-03,86.74353790283203,yfinance
GLW,2025-11-04,84.47332763671875,yfinance
GLW,2025-11-05,86.34699249267578,yfinance
GLW,2025-11-06,87.10042572021484,yfinance
GLW,2025-11-07,84.74100494384766,yfinance
GLW,2025-11-10,87.79436492919922,yfinance
GLW,2025-11-11,87.1698226928711,yfinance
GLW,2025-11-12,88.24048614501953,yfinance
GLW,2025-11-13,81.6479721069336,yfinance
GLW,2025-11-14,81.62808227539062,yfinance
GLW,2025-11-17,80.63333892822266,yfinance
GLW,2025-11-18,79.69829559326172,yfinance
GLW,2025-11-19,81.26002502441406,yfinance
GLW,2025-11-20,77.61929321289062,yfinance
GLW,2025-11-21,79.04176330566406,yfinance
GLW,2025-11-24,82.16523742675781,yfinance
GLW,2025-11-25,82.51338958740234,yfinance
GLW,2025-11-26,83.15997314453125,yfinance
GLW,2025-11-28,83.7568130493164,yfinance
GLW,2025-12-01,82.46366119384766,yfinance
GLW,2025-12-02,83.26939392089844,yfinance
GLW,2025-12-03,83.11024475097656,yfinance
GLW,2025-12-04,85.00023651123047,yfinance
GLW,2025-12-05,85.51750183105469,yfinance
GLW,2025-12-08,87.80538940429688,yfinance
GLW,2025-12-09,90.63044738769531,yfinance
GLW,2025-12-10,93.70417785644531,yfinance
GLW,2025-12-11,95.4648666381836,yfinance
GLW,2025-12-12,87.85513305664062,yfinance
GLW,2025-12-15,87.64623260498047,yfinance
GLW,2025-12-16,85.8358154296875,yfinance
GLW,2025-12-17,84.97039794921875,yfinance
GLW,2025-12-18,86.4227066040039,yfinance
GLW,2025-12-19,87.39755249023438,yfinance
GLW,2025-12-22,87.9347152709961,yfinance
GLW,2025-12-23,88.86975860595703,yfinance
GLW,2025-12-24,89.1880874633789,yfinance
GLW,2025-12-26,89.09855651855469,yfinance
GLW,2025-12-29,88.53155517578125,yfinance
GLW,2025-12-30,88.39228820800781,yfinance
GLW,2025-12-31,87.09912872314453,yfinance
GLW,2026-01-02,90.19275665283203,yfinance
GLW,2026-01-05,88.22319030761719,yfinance
GLW,2026-01-06,88.78023529052734,yfinance
GLW,2026-01-07,87.52687072753906,yfinance
GLW,2026-01-08,84.88087463378906,yfinance
GLW,2026-01-09,84.78140258789062,yfinance
GLW,2026-01-12,87.41744232177734,yfinance
GLW,2026-01-13,89.40692138671875,yfinance
GLW,2026-01-14,89.73519134521484,yfinance
GLW,2026-01-15,92.99791717529297,yfinance
GLW,2026-01-16,93.70417785644531,yfinance
GLW,2026-01-20,92.08275604248047,yfinance
GLW,2026-01-21,93.02775573730469,yfinance
GLW,2026-01-22,93.78376007080078,yfinance
GLW,2026-01-23,92.80892181396484,yfinance
GLW,2026-01-26,94.45023345947266,yfinance
GLW,2026-01-27,109.16239166259766,yfinance
GLW,2026-01-28,103.73112487792969,yfinance
GLW,2026-01-29,102.4578628540039,yfinance
GLW,2026-01-30,102.70654296875,yfinance
GLW,2026-02-02,109.77912139892578,yfinance
GLW,2026-02-03,112.19633483886719,yfinance
GLW,2026-02-04,109.11265563964844,yfinance
GLW,2026-02-05,112.19633483886719,yfinance
GLW,2026-02-06,121.51702117919922,yfinance
GLW,2026-02-09,130.6984405517578,yfinance
GLW,2026-02-10,127.4257583618164,yfinance
GLW,2026-02-11,132.20046997070312,yfinance
GLW,2026-02-12,130.807861328125,yfinance
GLW,2026-02-13,132.75753784179688,yfinance
GLW,2026-02-17,129.83302307128906,yfinance
GLW,2026-02-18,131.31517028808594,yfinance
GLW,2026-02-19,129.30581665039062,yfinance
GLW,2026-02-20,138.77569580078125,yfinance
GLW,2026-02-23,144.4854736328125,yfinance
GLW,2026-02-24,150.7921142578125,yfinance
GLW,2026-02-25,159.58558654785156,yfinance
GLW,2026-02-26,149.5089111328125,yfinance
GLW,2026-02-27,149.86769104003906,yfinance
GLW,2026-03-02,157.3221893310547,yfinance
GLW,2026-03-03,147.06724548339844,yfinance
GLW,2026-03-04,144.34654235839844,yfinance
GLW,2026-03-05,134.2809600830078,yfinance
GLW,2026-03-06,122.8699722290039,yfinance
GLW,2026-03-09,128.6103515625,yfinance
GLW,2026-03-10,135.75592041015625,yfinance
GLW,2026-03-11,131.3111114501953,yfinance
GLW,2026-03-12,129.327880859375,yfinance
GLW,2026-03-13,128.6800994873047,yfinance
GLW,2026-03-16,131.60012817382812,yfinance
GLW,2026-03-17,129.44747924804688,yfinance
GLW,2026-03-18,129.41757202148438,yfinance
GLW,2026-03-19,132.62661743164062,yfinance
GLW,2026-03-20,124.15557098388672,yfinance
GLW,2026-03-23,130.5238037109375,yfinance
GLW,2026-03-24,141.52618408203125,yfinance
GLW,2026-03-25,145.85140991210938,yfinance
GLW,2026-03-26,134.85899353027344,yfinance
GLW,2026-03-27,136.34390258789062,yfinance
GLW,2026-03-30,128.11204528808594,yfinance
GLW,2026-03-31,135.50677490234375,yfinance
GLW,2026-04-01,141.8949432373047,yfinance
GLW,2026-04-02,147.41604614257812,yfinance
GLW,2026-04-06,146.0009002685547,yfinance
GLW,2026-04-07,148.01402282714844,yfinance
GLW,2026-04-08,164.5375213623047,yfinance
GLW,2026-04-09,169.2215118408203,yfinance
GLW,2026-04-10,170.6566162109375,yfinance
GLW,2026-04-13,174.57321166992188,yfinance
GLW,2026-04-14,172.23123168945312,yfinance
GLW,2026-04-15,167.6967315673828,yfinance
GLW,2026-04-16,165.51419067382812,yfinance
GLW,2026-04-17,163.81997680664062,yfinance
GLW,2026-04-20,164.8165740966797,yfinance
GLW,2026-04-21,164.88632202148438,yfinance
GLW,2026-04-22,168.18504333496094,yfinance
GLW,2026-04-23,168.9225311279297,yfinance
GLW,2026-04-24,175.29075622558594,yfinance
GLW,2026-04-27,167.43760681152344,yfinance
GLW,2026-04-28,152.52857971191406,yfinance
GLW,2026-04-29,151.3824920654297,yfinance
GLW,2026-04-30,163.6804656982422,yfinance
GLW,2026-05-01,157.7208251953125,yfinance
GLW,2026-05-04,159.41505432128906,yfinance
GLW,2026-05-05,161.54774475097656,yfinance
GLW,2026-05-06,180.95143127441406,yfinance
GLW,2026-05-07,181.77857971191406,yfinance
GLW,2026-05-08,186.30311584472656,yfinance
GLW,2026-05-11,206.68344116210938,yfinance
GLW,2026-05-12,197.56463623046875,yfinance
GLW,2026-05-13,205.8064422607422,yfinance
GLW,2026-05-14,207.57041931152344,yfinance
GLW,2026-05-15,191.1565399169922,yfinance
GLW,2026-05-18,177.9416961669922,yfinance
GLW,2026-05-19,175.23097229003906,yfinance
GLW,2026-05-20,180.0744171142578,yfinance
GLW,2026-05-21,191.23626708984375,yfinance
GLW,2026-05-22,193.38890075683594,yfinance
GLW,2026-05-26,195.5016632080078,yfinance
GLW,2026-05-27,190.2396697998047,yfinance
GLW,2026-05-28,182.34664916992188,yfinance
GLW,2026-05-29,180.81951904296875,yfinance
GLW,2026-06-01,176.36790466308594,yfinance
GLW,2026-06-02,200.02334594726562,yfinance
GLW,2026-06-03,200.38267517089844,yfinance
GLW,2026-06-04,197.32843017578125,yfinance
GLW,2026-06-05,177.24624633789062,yfinance
GLW,2026-06-08,187.18751525878906,yfinance
GLW,2026-06-09,173.6130828857422,yfinance
GLW,2026-06-10,167.8539276123047,yfinance
GLW,2026-06-11,176.2181854248047,yfinance
GLW,2026-06-12,178.8632049560547,yfinance
GLW,2026-06-15,187.52688598632812,yfinance
GLW,2026-06-16,177.0865478515625,yfinance
GLW,2026-06-17,175.07034301757812,yfinance
GLW,2026-06-18,194.55364990234375,yfinance
GLW,2026-06-22,209.43563842773438,yfinance
GLW,2026-06-23,193.70526123046875,yfinance
GLW,2026-06-24,205.4431610107422,yfinance
GLW,2026-06-25,227.5814666748047,yfinance
GLW,2026-06-26,220.63455200195312,yfinance
GLW,2026-06-29,255.20944213867188,yfinance
GLW,2026-06-30,254.94992065429688,yfinance
GLW,2026-07-01,220.21534729003906,yfinance
GLW,2026-07-02,196.42013549804688,yfinance
GLW,2026-07-06,194.4338836669922,yfinance
GLW,2026-07-07,185.03158569335938,yfinance
GLW,2026-07-08,183.6841278076172,yfinance
GLW,2026-07-09,192.0184326171875,yfinance
GLW,2026-07-10,190.53123474121094,yfinance
GLW,2026-07-13,182.76585388183594,yfinance
GLW,2026-07-14,187.28733825683594,yfinance
GLW,2026-07-15,174.08221435546875,yfinance
GLW,2026-07-16,158.09231567382812,yfinance
GLW,2026-07-17,154.3194122314453,yfinance
GLW,2026-07-20,152.812255859375,yfinance
GLW,2026-07-21,162.10476684570312,yfinance
GLW,2026-07-22,153.77044677734375,yfinance
GLW,2026-07-23,155.76669311523438,yfinance
GLW,2026-07-24,146.37437438964844,yfinance
GLW,2026-07-27,143.09056091308594,yfinance
GLW,2026-07-28,125.7731704711914,yfinance
GLW,2026-07-29,123.81685638427734,yfinance
GLW,2026-07-30,134.9658660888672,yfinance
GLW,2026-07-31,137.9901580810547,yfinance
GLW,2026-08-03,146.36439514160156,yfinance
GLW,2026-08-04,159.58949279785156,yfinance
GLW,2026-08-05,156.40548706054688,yfinance
GLW,2026-08-06,156.88458251953125,yfinance
GLW,2026-08-07,165.3686065673828,yfinance
GLW,2026-08-10,157.46348571777344,yfinance
GLW,2026-08-11,158.89080810546875,yfinance
GLW,2026-08-12,167.12530517578125,yfinance
GLW,2026-08-13,158.2420196533203,yfinance
GLW,2026-08-14,165.67803955078125,yfinance
GLW,2026-08-17,172.88446044921875,yfinance
GLW,2026-08-18,159.59947204589844,yfinance
GLW,2026-08-19,152.1734619140625,yfinance
GLW,2026-08-20,151.1653594970703,yfinance
GLW,2026-08-21,149.55838012695312,yfinance
GLW,2026-08-24,145.2764434814453,yfinance
GLW,2026-08-25,146.8834228515625,yfinance
GLW,2026-08-26,152.49285888671875,yfinance
GLW,2026-08-27,152.5128173828125,yfinance
GLW,2026-08-28,148.6999969482422,yfinance
GLW,2026-08-31,148.72999572753906,yfinance
GLW,2026-09-01,145.55999755859375,yfinance
GLW,2026-09-02,144.1300048828125,yfinance
GLW,2026-09-03,142.125,yfinance
